net,length_um
clknet_0_clk,628.72µm
net396,508.24µm
net423,481.48µm
net405,395.68µm
net427,375.695µm
net459,370.46µm
clknet_3_6__leaf_clk,365.62µm
clknet_3_5__leaf_clk,357.76µm
net408,338.62µm
net432,336.23µm
net389,335.87µm
clknet_3_4__leaf_clk,330.54µm
net468,325.75µm
net9,314.32µm
clknet_3_1__leaf_clk,297.02µm
net370,293.57µm
clk,288.69µm
clknet_3_7__leaf_clk,283.3µm
clknet_3_0__leaf_clk,279.98µm
_4225_,274.52µm
net369,272.26µm
net507,268.04µm
clknet_3_2__leaf_clk,263.77µm
net395,255.66µm
net1,253.76µm
net229,252.82µm
net4,251.485µm
net422,246.66µm
net10,244.38µm
net413,244.25µm
net424,244.25µm
clknet_3_3__leaf_clk,241.36µm
net397,235.14µm
_4238_,234.84µm
_3215_,233.2µm
net319,231.63µm
net401,229.815µm
_3209_,223.96µm
net16,223.02µm
net14,221.14µm
net170,217.6µm
net20,216.91µm
net414,215.54µm
net406,214.475µm
net15,214.05µm
net499,213.63µm
net311,212.875µm
net255,210.36µm
net253,208.2µm
net362,208.2µm
net421,208.08µm
net425,207.46µm
net407,207.355µm
net223,206.09µm
net467,205.28µm
net192,204.22µm
net325,203.36µm
net13,203.27µm
net5,202.52µm
net245,202.4µm
net219,202.38µm
net415,201.09µm
net187,200.9µm
net411,199.415µm
net238,199.17µm
_2700_,198.68µm
net19,198.68µm
net240,198.28µm
net431,197.94µm
net185,196.88µm
net237,193.13µm
net486,191.3µm
net6,191.17µm
net167,190.91µm
net182,190.84µm
net482,190.76µm
net17,190.34µm
net301,189.9µm
net231,188.76µm
net416,188.28µm
net457,187.37µm
net403,186.52µm
_4232_,183.05µm
net340,182.61µm
net241,182.4µm
net157,181.06µm
net383,176.64µm
net18,176.08µm
net399,176.005µm
net435,174.41µm
net418,173.8µm
net172,172.98µm
net344,172.79µm
net11,172.78µm
_3551_,171.7µm
net353,170.205µm
net243,170.08µm
net375,169.42µm
net452,167.36µm
net249,165.2µm
net228,163.98µm
net12,163.42µm
net310,163.115µm
net176,162.82µm
net438,162.06µm
net430,161.77µm
net495,161.63µm
net193,161.48µm
net357,161.11µm
net177,160.1µm
net472,159.65µm
net480,159.16µm
net159,158.92µm
net235,158.81µm
net351,157.94µm
net478,157.74µm
net265,157.44µm
net471,157.38µm
net348,157.335µm
net470,157.03µm
pe_array\[1\].u_pe.weight_in\[0\],156.76µm
net217,156µm
clknet_leaf_22_clk,156µm
net458,155.92µm
net402,155.01µm
net477,154.99µm
net497,154.98µm
net197,154.5µm
net493,154.26µm
net318,153.77µm
net155,153.64µm
net510,153.535µm
net21,152.61µm
net216,151.86µm
net324,151µm
net469,150.925µm
net515,150.86µm
net156,150.52µm
net346,149.92µm
net398,149.38µm
net330,149.34µm
net460,149.135µm
net336,148.905µm
net436,147.75µm
net627,147.65µm
net419,147.64µm
net269,147.52µm
net444,147.1µm
net303,146.8µm
net372,144.915µm
pe_array\[2\].u_pe.weight_in\[2\],144.59µm
net203,143.62µm
net473,143.56µm
net3,143µm
pe_array\[3\].u_pe.weight_in\[7\],142.89µm
net420,141.68µm
net308,139.37µm
net321,138.71µm
net391,138.26µm
net491,138.14µm
net464,138.02µm
net463,137.4µm
net258,137.32µm
net254,136.34µm
net169,136.1µm
_2203_,135.56µm
net356,135.285µm
net511,135µm
net465,134.855µm
net212,134.12µm
net281,133.96µm
net312,133.03µm
net218,132.96µm
net417,132.88µm
clknet_leaf_4_clk,131.7µm
net494,131.59µm
net412,130.885µm
net208,130.42µm
net186,130.32µm
_1716_,130.06µm
_1594_,129.96µm
net485,129.84µm
net410,129.79µm
net462,129.03µm
net390,128.54µm
net317,128.08µm
net394,127.85µm
net428,127.6µm
net593,127.53µm
net306,127.5µm
net316,126.44µm
clknet_leaf_45_clk,126.32µm
net509,126.07µm
net295,125.36µm
_0482_,125.08µm
net679,125.02µm
net342,124.92µm
pe_array\[2\].u_pe.weight_in\[0\],124.61µm
net199,124.16µm
net352,124.035µm
net297,123.6µm
net226,123.575µm
net201,123.27µm
net506,122.88µm
net350,122.26µm
net188,122µm
net442,121.56µm
net474,121.5µm
net242,121.4µm
net257,121.4µm
clknet_leaf_41_clk,121.2µm
_1751_,121.025µm
_3700_,120.7µm
net489,119.97µm
net404,119.95µm
clknet_leaf_21_clk,119.3µm
net332,119.28µm
net446,119.22µm
net503,118.62µm
net409,118.405µm
net302,117.965µm
net392,117.64µm
_0686_,117.26µm
net244,116.82µm
net334,116.625µm
net393,116.28µm
pe_array\[3\].u_pe.weight_in\[3\],116.04µm
net236,115.42µm
net343,115.39µm
net358,115.355µm
_2701_,115.2µm
net264,114.97µm
net175,114.94µm
net267,114.55µm
_1985_,114.52µm
net300,114.21µm
net224,113.935µm
net256,113.78µm
_3552_,113.5µm
net198,113.46µm
net479,113.38µm
net263,112.94µm
clknet_leaf_64_clk,112.24µm
net329,111.805µm
net230,110.7µm
net378,110.44µm
net355,110.435µm
net202,110.37µm
net490,110.34µm
net688,110.16µm
net296,110.12µm
net501,109.68µm
_3578_,109.12µm
net492,108.965µm
pe_array\[2\].u_pe.weight_in\[4\],108.88µm
net339,108.5µm
_1869_,108.18µm
_2791_,108.12µm
net2,107.9µm
net335,107.47µm
net183,107.1µm
_1568_,106.88µm
net220,106.48µm
_3699_,106.34µm
net387,106.28µm
net337,105.3µm
net338,105.19µm
net341,104.87µm
net476,104.78µm
net496,104.36µm
net354,103.85µm
net360,103.83µm
net284,103.7µm
net563,103.6µm
_1553_,103.44µm
_4228_,103.44µm
net204,103µm
net379,102.98µm
net513,102.36µm
net293,102.175µm
net487,101.705µm
net322,101.69µm
net164,101.64µm
net232,101.56µm
clknet_leaf_20_clk,100.98µm
net214,100.72µm
clknet_leaf_10_clk,100.2µm
net707,99.885µm
net429,99.88µm
net158,99.83µm
_0843_,99.73µm
_4234_,99.2µm
_3581_,99.08µm
net371,98.73µm
net455,98.44µm
net298,97.96µm
net454,97.63µm
_0813_,97.32µm
net239,97.18µm
net179,96.74µm
net498,96.68µm
net276,96.595µm
net304,96.06µm
net508,95.96µm
_3287_,95.7µm
net251,95.48µm
_4230_,95.22µm
net528,95.2µm
pe_array\[0\].u_pe.weight_in\[6\],95.08µm
net440,94.88µm
net512,94.755µm
net1033,93.86µm
net285,93.8µm
net1010,93.64µm
net227,93.3µm
net292,93.225µm
net373,93.2µm
pe_array\[1\].u_pe.weight_in\[7\],93.06µm
_1393_,92.6µm
net445,92.4µm
net299,92.26µm
_0567_,92.2µm
_3668_,92.14µm
net189,91.86µm
net168,91.74µm
pe_array\[3\].u_pe.weight_in\[2\],91.63µm
net333,91.34µm
net433,91µm
net160,90.89µm
net447,90.82µm
net388,90.7µm
_4243_,90.65µm
net461,90.035µm
net1006,89.51µm
net639,88.84µm
_3916_,88.59µm
net261,88.54µm
net426,88.34µm
_3580_,88.2µm
pe_array\[0\].u_pe.weight_in\[7\],88.16µm
clknet_leaf_0_clk,88.14µm
net451,87.95µm
clknet_leaf_5_clk,87.92µm
net222,87.66µm
clknet_leaf_26_clk,87.64µm
net305,87.55µm
net376,87.28µm
_2543_,87.27µm
net874,86.62µm
net309,86.435µm
net642,86.33µm
net178,85.91µm
net171,85.53µm
net233,85.43µm
net190,85.29µm
clknet_leaf_40_clk,84.98µm
net278,84.95µm
net195,84.64µm
net191,84.58µm
net400,84.155µm
net207,84.14µm
net612,83.99µm
net361,83.84µm
net181,83.26µm
net466,83.065µm
net443,82.98µm
net1025,82.72µm
net745,82.64µm
net516,82.51µm
_3978_,82.26µm
net315,81.86µm
_3322_,81.84µm
net268,81.8µm
net307,81.63µm
clknet_leaf_13_clk,81.2µm
_3508_,81.12µm
clknet_leaf_11_clk,80.88µm
net260,80.7µm
net313,80.46µm
net174,80.38µm
net211,80.13µm
pe_array\[2\].u_pe.weight_in\[1\],79.68µm
_3536_,79.64µm
net289,79.46µm
net215,79.38µm
_2698_,79.32µm
net481,79.3µm
net347,79.085µm
_1199_,78.96µm
net272,78.96µm
net248,78.93µm
_2821_,78.84µm
net873,78.78µm
net349,78.66µm
pe_array\[1\].u_pe.accum_reg\[5\],78.47µm
_1683_,78.04µm
net314,77.9µm
net196,77.52µm
_1418_,77.48µm
net205,77.42µm
net363,77.22µm
net483,77µm
net250,76.88µm
net437,76.84µm
clknet_leaf_59_clk,76.8µm
pe_array\[0\].u_pe.weight_in\[5\],76.74µm
_1200_,76.68µm
net441,76.64µm
pe_array\[2\].u_pe.accum_reg\[7\],76.32µm
clknet_leaf_7_clk,76.06µm
net439,76.02µm
net871,75.98µm
_1203_,75.835µm
_2062_,75.8µm
net166,75.78µm
net614,75.54µm
net504,75.46µm
net275,75.42µm
net274,75.34µm
net234,75.18µm
_4229_,75.08µm
clknet_leaf_2_clk,74.86µm
_4200_,74.72µm
net323,74.585µm
pe_array\[0\].u_pe.accum_reg\[23\],74.16µm
net365,74.16µm
net380,74.15µm
_0642_,73.65µm
net629,73.57µm
_1342_,73.48µm
_1204_,73.34µm
net320,72.84µm
net282,72.8µm
net288,72.39µm
net194,72.32µm
net367,72.28µm
clknet_leaf_60_clk,72.02µm
_1202_,72µm
_0870_,71.93µm
_2367_,71.77µm
_1205_,71.58µm
_1201_,71.54µm
net180,70.97µm
_3183_,70.88µm
net294,70.825µm
_4275_,70.74µm
net165,70.66µm
net225,70.38µm
pe_array\[2\].u_pe.accum_reg\[28\],69.84µm
_2236_,69.8µm
_1600_,69.2µm
net434,69.04µm
_0898_,68.82µm
net326,68.78µm
pe_array\[0\].u_pe.accum_reg\[22\],67.76µm
_3181_,67.04µm
net505,67.04µm
net654,66.92µm
_4202_,66.78µm
pe_array\[1\].u_pe.accum_reg\[30\],66.7µm
pe_array\[1\].u_pe.accum_reg\[26\],66.68µm
net381,66.48µm
net200,66.36µm
net213,66.3µm
_4321_,66.14µm
pe_array\[3\].u_pe.accum_reg\[27\],65.92µm
_3182_,65.86µm
clknet_leaf_42_clk,65.64µm
net277,65.4µm
net173,65.18µm
_3622_,65µm
pe_array\[1\].u_pe.accum_reg\[29\],64.66µm
pe_array\[1\].u_pe.weight_in\[5\],64.64µm
_0985_,64.62µm
net656,64.56µm
_3660_,64.48µm
clknet_leaf_52_clk,64.38µm
pe_array\[1\].u_pe.accum_reg\[16\],64.26µm
pe_array\[0\].u_pe.accum_reg\[18\],63.915µm
net382,63.83µm
net206,63.64µm
net359,63.495µm
clknet_leaf_68_clk,63.48µm
_1717_,63.4µm
pe_array\[1\].u_pe.weight_in\[1\],63.1µm
net7,63.04µm
pe_array\[1\].u_pe.accum_reg\[21\],62.9µm
net1023,62.77µm
net327,62.74µm
clknet_leaf_3_clk,62.72µm
clknet_leaf_18_clk,62.48µm
net514,62.385µm
_3417_,62.07µm
net266,62.04µm
_3974_,62µm
net290,61.94µm
_4199_,61.87µm
clknet_leaf_30_clk,61.83µm
_2159_,61.74µm
net209,61.6µm
net162,61.56µm
net561,61.54µm
pe_array\[1\].u_pe.accum_reg\[24\],61.2µm
_3207_,61.08µm
pe_array\[1\].u_pe.accum_reg\[25\],60.98µm
net252,60.48µm
net448,60.48µm
_1599_,60.45µm
net331,60.28µm
_1286_,60.22µm
net328,60.16µm
clknet_leaf_31_clk,60.06µm
net644,60.04µm
net573,59.94µm
_1311_,59.92µm
_2657_,59.88µm
_3796_,59.88µm
net221,59.44µm
net449,59.31µm
net385,59.24µm
net291,58.855µm
clknet_leaf_55_clk,58.82µm
net246,58.72µm
clknet_leaf_61_clk,58.64µm
_3206_,58.44µm
_3825_,58.06µm
_0520_,57.78µm
pe_array\[3\].u_pe.accum_reg\[28\],57.76µm
net273,57.69µm
_3185_,57.6µm
_1230_,57.5µm
net368,57.5µm
pe_array\[3\].u_pe.accum_reg\[26\],57.32µm
_3184_,57.26µm
_1773_,57.18µm
net1021,57.16µm
_3853_,56.84µm
net589,56.82µm
_2877_,56.72µm
clknet_leaf_50_clk,55.74µm
pe_array\[1\].u_pe.accum_reg\[22\],55.5µm
net682,55.44µm
pe_array\[1\].u_pe.accum_reg\[4\],55.38µm
clknet_leaf_44_clk,55.32µm
_0598_,55.26µm
_2615_,55.2µm
net279,55.18µm
_3887_,55.02µm
net456,55.02µm
net386,54.88µm
pe_array\[1\].u_pe.accum_reg\[28\],54.86µm
_0982_,54.72µm
_4240_,54.68µm
_2764_,54.58µm
_0121_,54.565µm
_3768_,54.52µm
_2964_,54.5µm
_1226_,54.46µm
_1776_,54.45µm
net748,54.36µm
_1207_,54.3µm
pe_array\[2\].u_pe.weight_in\[5\],54.26µm
_3946_,53.98µm
_0716_,53.82µm
net591,53.765µm
_1438_,53.76µm
pe_array\[3\].u_pe.accum_reg\[29\],53.64µm
pe_array\[0\].u_pe.accum_reg\[17\],53.53µm
_0568_,53.44µm
net1015,53.18µm
_2185_,53.02µm
_3730_,52.91µm
net280,52.75µm
clknet_leaf_58_clk,52.54µm
_1777_,51.79µm
_4241_,51.78µm
clknet_leaf_37_clk,51.72µm
net689,51.72µm
clknet_leaf_54_clk,51.33µm
_1037_,51.3µm
net270,51.2µm
net364,51.12µm
pe_array\[1\].u_pe.weight_in\[3\],51.06µm
_0784_,50.89µm
net683,50.75µm
pe_array\[3\].u_pe.accum_reg\[22\],50.68µm
pe_array\[1\].u_pe.weight_in\[6\],50.6µm
net500,50.5µm
net283,49.86µm
_2729_,49.81µm
_4403_,49.8µm
_4296_,49.66µm
pe_array\[3\].u_pe.accum_reg\[4\],49.66µm
net374,49.42µm
_1684_,49.4µm
net575,49.36µm
_0780_,49.34µm
clknet_leaf_28_clk,49.24µm
net744,49.16µm
_1597_,49.1µm
pe_accum\[2\]\[8\],49.03µm
_2695_,48.92µm
_1501_,48.82µm
net602,48.8µm
clknet_leaf_27_clk,48.78µm
_0748_,48.635µm
pe_array\[3\].u_pe.accum_reg\[23\],48.6µm
net247,48.32µm
clknet_leaf_29_clk,48.28µm
_0621_,48.22µm
_1011_,48.12µm
net184,48.1µm
_3263_,48.02µm
clknet_leaf_23_clk,47.9µm
net384,47.86µm
net551,47.82µm
pe_array\[1\].u_pe.accum_reg\[27\],47.76µm
_3697_,47.6µm
net488,47.6µm
clknet_leaf_39_clk,47.58µm
net161,47.35µm
_0124_,47.145µm
_3984_,46.88µm
_1231_,46.56µm
net630,46.39µm
net999,46.38µm
_2420_,46.37µm
pe_array\[2\].u_pe.accum_reg\[27\],46.16µm
_0599_,46.09µm
pe_array\[0\].u_pe.accum_reg\[21\],45.94µm
_1250_,45.82µm
_0865_,45.64µm
_3186_,45.62µm
pe_array\[1\].u_pe.accum_reg\[31\],45.58µm
pe_array\[0\].u_pe.accum_reg\[28\],45.55µm
_2572_,45.24µm
_1227_,45.18µm
_3557_,44.82µm
pe_array\[2\].u_pe.accum_reg\[21\],44.7µm
_2597_,44.54µm
pe_array\[1\].u_pe.accum_reg\[23\],44.52µm
_2197_,44.5µm
_1637_,44.4µm
pe_accum\[0\]\[8\],44.38µm
net163,44.34µm
_2849_,44.3µm
_1397_,44.28µm
_1589_,44.18µm
_3570_,44.11µm
net743,44.1µm
_2038_,43.78µm
_1744_,43.74µm
_2413_,43.44µm
pe_array\[0\].u_pe.accum_reg\[20\],43.44µm
_3072_,43.36µm
pe_array\[3\].u_pe.accum_reg\[2\],43.09µm
_1194_,42.88µm
_2421_,42.72µm
net706,42.68µm
net550,42.58µm
_2959_,42.16µm
net608,42.06µm
pe_array\[0\].u_pe.accum_reg\[27\],42.02µm
clknet_leaf_32_clk,41.96µm
_3404_,41.9µm
pe_array\[0\].u_pe.weight_in\[4\],41.84µm
clknet_leaf_9_clk,41.805µm
net649,41.74µm
pe_array\[3\].u_pe.accum_reg\[20\],41.6µm
_2616_,41.06µm
pe_accum\[0\]\[9\],41.04µm
_2097_,40.92µm
clknet_leaf_48_clk,40.74µm
_3649_,40.59µm
_4063_,40.58µm
net586,40.5µm
pe_array\[0\].u_pe.accum_reg\[30\],40.48µm
_3556_,40.47µm
pe_array\[3\].u_pe.accum_reg\[13\],40.46µm
_0437_,40.44µm
_2843_,40.42µm
clknet_leaf_57_clk,40.42µm
_0484_,40.4µm
net259,40.04µm
_0545_,39.995µm
_0503_,39.86µm
net345,39.84µm
_1676_,39.72µm
net1009,39.64µm
net151,39.46µm
net588,39.4µm
_3526_,39.32µm
_1243_,39.14µm
pe_array\[2\].u_pe.accum_reg\[29\],39.12µm
_2723_,39.08µm
_0151_,39.045µm
net286,38.96µm
_4036_,38.7µm
_3422_,38.48µm
net484,38.48µm
_3348_,38.02µm
_3477_,37.94µm
_2852_,37.88µm
_1752_,37.8µm
_2354_,37.66µm
net210,37.64µm
_1863_,37.48µm
_0546_,37.44µm
_3243_,37.44µm
_3968_,37.42µm
net262,37.26µm
pe_array\[3\].u_pe.weight_in\[5\],37.2µm
_3985_,37.16µm
clknet_leaf_66_clk,37.12µm
_2284_,37.08µm
_2761_,37.04µm
net366,36.86µm
_2529_,36.8µm
pe_array\[2\].u_pe.accum_reg\[3\],36.8µm
pe_array\[2\].u_pe.accum_reg\[6\],36.8µm
_0436_,36.76µm
_1801_,36.7µm
pe_accum\[0\]\[6\],36.64µm
_0781_,36.56µm
clknet_leaf_46_clk,36.56µm
clknet_leaf_17_clk,36.48µm
clknet_leaf_63_clk,36.44µm
_2499_,36.38µm
pe_array\[3\].u_pe.weight_in\[6\],36.34µm
_4010_,36.32µm
_3884_,36.29µm
_2443_,36.24µm
_2322_,36.14µm
net560,36.14µm
_2619_,36.1µm
_0580_,36.08µm
net377,36.02µm
_2089_,36µm
_2575_,35.64µm
_3175_,35.64µm
_3626_,35.64µm
_2485_,35.6µm
_4366_,35.56µm
_0162_,35.465µm
_0492_,35.31µm
_2576_,35.3µm
_2122_,35.12µm
net287,35.06µm
_2180_,34.82µm
_2564_,34.82µm
_3239_,34.62µm
clknet_leaf_1_clk,34.58µm
pe_array\[2\].u_pe.accum_reg\[8\],34.5µm
_1511_,34.38µm
pe_array\[1\].u_pe.accum_reg\[6\],34.34µm
_1336_,34.3µm
_1741_,34.26µm
_3983_,34.26µm
_3653_,34.22µm
_0589_,33.98µm
clknet_leaf_65_clk,33.84µm
_3949_,33.78µm
pe_array\[3\].u_pe.accum_reg\[5\],33.78µm
_0807_,33.76µm
_1539_,33.64µm
pe_array\[3\].u_pe.accum_reg\[3\],33.6µm
_0485_,33.49µm
_3620_,33.44µm
net684,33.39µm
_2371_,33.34µm
clknet_leaf_53_clk,33.3µm
_3405_,33.28µm
_2962_,33.16µm
_0592_,33.1µm
net592,33.095µm
_4347_,33.04µm
_3976_,33.02µm
_2010_,32.92µm
_4061_,32.86µm
_0889_,32.85µm
_2366_,32.68µm
_2494_,32.68µm
_4427_,32.68µm
net453,32.68µm
_0679_,32.54µm
_1704_,32.38µm
pe_array\[3\].u_pe.accum_reg\[6\],32.35µm
_2643_,32.22µm
_0770_,32.2µm
_2455_,32.12µm
pe_array\[1\].u_pe.accum_reg\[3\],32.12µm
_1872_,32.1µm
_1907_,32.1µm
_0570_,31.84µm
_1567_,31.84µm
pe_array\[0\].u_pe.accum_reg\[6\],31.82µm
_3412_,31.8µm
_1356_,31.78µm
_2262_,31.78µm
_2459_,31.78µm
_3724_,31.78µm
_0540_,31.72µm
_2751_,31.7µm
_0639_,31.66µm
pe_array\[1\].u_pe.accum_reg\[20\],31.6µm
pe_array\[3\].u_pe.accum_reg\[30\],31.43µm
_0213_,31.365µm
_0532_,31.35µm
pe_array\[0\].u_pe.accum_reg\[11\],31.32µm
_1526_,31.3µm
_2516_,31.26µm
_2762_,31.26µm
_3651_,31.205µm
_3427_,31.18µm
_0981_,31.1µm
_1592_,30.97µm
_1450_,30.9µm
_3919_,30.82µm
_4235_,30.74µm
_0591_,30.7µm
_4226_,30.66µm
_1233_,30.58µm
_4278_,30.58µm
_1415_,30.53µm
_1714_,30.5µm
_2487_,30.44µm
_2928_,30.4µm
_0750_,30.14µm
_3519_,30.1µm
_3758_,30.02µm
pe_array\[2\].u_pe.weight_in\[7\],30µm
_0085_,29.945µm
_4122_,29.94µm
_1266_,29.86µm
_0463_,29.78µm
_0647_,29.76µm
net657,29.74µm
_2352_,29.66µm
_2872_,29.62µm
pe_array\[2\].u_pe.accum_reg\[10\],29.56µm
pe_array\[0\].u_pe.accum_reg\[3\],29.5µm
_3246_,29.31µm
_0438_,29.3µm
_3419_,29.21µm
_0668_,29.125µm
_2868_,29.09µm
_0444_,29.08µm
net587,29.04µm
_3359_,29.02µm
_2081_,29µm
_0622_,28.9µm
_1754_,28.84µm
_2605_,28.8µm
_2642_,28.8µm
_2503_,28.74µm
_3241_,28.7µm
_2481_,28.68µm
_0088_,28.645µm
_0629_,28.62µm
_0654_,28.62µm
_1060_,28.58µm
_2295_,28.56µm
_1444_,28.48µm
_1580_,28.48µm
pe_array\[1\].u_pe.weight_in\[4\],28.38µm
_0460_,28.36µm
pe_array\[1\].u_pe.accum_reg\[19\],28.36µm
_2731_,28.3µm
_2351_,28.28µm
_3423_,28.24µm
_1502_,28.2µm
_0087_,28.185µm
_2414_,28.18µm
_0090_,28.165µm
_3492_,28.1µm
_0741_,28.08µm
_2125_,28.05µm
_2291_,27.96µm
_3764_,27.94µm
_2555_,27.92µm
_3375_,27.9µm
_3316_,27.78µm
pe_array\[2\].u_pe.accum_reg\[5\],27.78µm
_3669_,27.76µm
_0541_,27.72µm
_3619_,27.72µm
_0701_,27.7µm
_1134_,27.7µm
_1437_,27.62µm
_2648_,27.62µm
net8,27.56µm
_3504_,27.52µm
_0494_,27.5µm
_0902_,27.48µm
pe_array\[2\].u_pe.accum_reg\[26\],27.36µm
_4092_,27.32µm
_0611_,27.295µm
clknet_leaf_38_clk,27.28µm
_0923_,27.24µm
_2623_,27.24µm
pe_array\[2\].u_pe.accum_reg\[2\],27.24µm
net827,27.22µm
_2239_,27.215µm
pe_array\[0\].u_pe.accum_reg\[4\],27.2µm
pe_array\[3\].u_pe.accum_reg\[7\],27.2µm
_1802_,27.14µm
_0516_,27.06µm
_3418_,27µm
_2253_,26.98µm
_2933_,26.84µm
_2598_,26.82µm
_0670_,26.76µm
_3573_,26.74µm
_1083_,26.7µm
_1378_,26.62µm
_2323_,26.575µm
net875,26.52µm
_2817_,26.5µm
_0565_,26.48µm
_1570_,26.36µm
clknet_leaf_36_clk,26.36µm
_1668_,26.3µm
pe_array\[3\].u_pe.weight_in\[1\],26.24µm
_0440_,26.22µm
pe_array\[3\].u_pe.accum_reg\[9\],26.2µm
_3621_,26.14µm
_1705_,26.12µm
_4390_,26.06µm
net680,26.06µm
_0116_,26.005µm
_4385_,25.98µm
net590,25.84µm
_0533_,25.8µm
_3553_,25.7µm
pe_accum\[1\]\[4\],25.62µm
net559,25.6µm
_2069_,25.58µm
_2419_,25.58µm
_3572_,25.58µm
_3467_,25.56µm
_4433_,25.56µm
_4370_,25.52µm
_2127_,25.5µm
_3075_,25.5µm
_1422_,25.48µm
pe_array\[0\].u_pe.accum_reg\[15\],25.46µm
_1508_,25.42µm
_2310_,25.42µm
_4130_,25.42µm
_3672_,25.38µm
_3982_,25.38µm
_1718_,25.34µm
_3732_,25.32µm
_0581_,25.3µm
_2559_,25.28µm
_1550_,25.26µm
_4414_,25.26µm
net271,25.26µm
_2889_,25.22µm
_2150_,25.14µm
_0549_,25.12µm
_0602_,25.12µm
_2389_,25.06µm
_1251_,24.98µm
_1033_,24.94µm
_3428_,24.86µm
clknet_leaf_47_clk,24.84µm
_3819_,24.82µm
_0550_,24.8µm
pe_array\[2\].u_pe.tap_count\[0\],24.8µm
_0664_,24.76µm
_0786_,24.76µm
_4055_,24.74µm
_1197_,24.72µm
_2699_,24.66µm
_0949_,24.64µm
_3510_,24.64µm
_0150_,24.62µm
_3563_,24.6µm
_2820_,24.575µm
pe_array\[0\].u_pe.accum_reg\[1\],24.56µm
_0593_,24.5µm
_1720_,24.48µm
net980,24.48µm
_1410_,24.44µm
_2467_,24.44µm
_2632_,24.4µm
_3877_,24.34µm
_4442_,24.3µm
_3631_,24.28µm
_1294_,24.26µm
_2451_,24.22µm
pe_array\[2\].u_pe.weight_in\[6\],24.22µm
_2757_,24.1µm
_1420_,24.08µm
_2881_,24.02µm
_3670_,24.02µm
_2668_,24.015µm
_3356_,23.98µm
_0890_,23.96µm
_3713_,23.95µm
_1685_,23.92µm
_2746_,23.9µm
_1085_,23.86µm
_3771_,23.84µm
_1915_,23.8µm
_3922_,23.76µm
_0522_,23.7µm
_0846_,23.68µm
_1269_,23.68µm
_1838_,23.66µm
_2468_,23.64µm
_1421_,23.6µm
_3635_,23.57µm
_0885_,23.5µm
_2847_,23.5µm
_3457_,23.5µm
pe_accum\[0\]\[31\],23.5µm
_0873_,23.48µm
_1918_,23.48µm
_2677_,23.46µm
_2460_,23.44µm
_3586_,23.42µm
result_data[48],23.39µm
_0687_,23.38µm
_3102_,23.36µm
_0939_,23.34µm
pe_array\[3\].u_pe.accum_reg\[8\],23.32µm
_0765_,23.28µm
_1610_,23.24µm
_3763_,23.24µm
_0690_,23.22µm
_3213_,23.22µm
_2703_,23.2µm
_0721_,23.18µm
_4302_,23.18µm
_2678_,23.16µm
_4331_,23.1µm
_3398_,23.08µm
_3053_,23.06µm
_1781_,23.04µm
pe_accum\[3\]\[1\],23.04µm
_1414_,23.02µm
_4379_,22.98µm
result_data[116],22.98µm
_4227_,22.96µm
_4377_,22.96µm
_2554_,22.92µm
clknet_leaf_67_clk,22.88µm
pe_array\[0\].u_pe.accum_reg\[25\],22.84µm
_0498_,22.82µm
_1454_,22.8µm
_1663_,22.78µm
_1488_,22.76µm
_1666_,22.76µm
_4155_,22.76µm
_0180_,22.745µm
_3475_,22.72µm
_1452_,22.7µm
_3490_,22.68µm
_4262_,22.6µm
_1843_,22.56µm
_2412_,22.54µm
_3292_,22.54µm
_2874_,22.5µm
net681,22.5µm
_0587_,22.46µm
_2475_,22.44µm
_3527_,22.42µm
_0700_,22.4µm
_1982_,22.38µm
_0866_,22.37µm
_1582_,22.36µm
_2905_,22.3µm
_4018_,22.28µm
_0181_,22.265µm
_2014_,22.265µm
_3571_,22.2µm
_2211_,22.17µm
_3012_,22.16µm
pe_array\[1\].u_pe.accum_reg\[8\],22.16µm
_1057_,22.14µm
_3096_,22.14µm
pe_array\[0\].u_pe.accum_reg\[5\],22.14µm
_2498_,22.12µm
net584,22.12µm
_3601_,22.08µm
_1973_,22.06µm
_1972_,22.04µm
pe_array\[0\].u_pe.accum_reg\[16\],22.04µm
_0576_,22.02µm
_0815_,22.02µm
_0665_,22µm
_3524_,21.98µm
pe_array\[2\].u_pe.accum_reg\[30\],21.98µm
_3041_,21.96µm
_3425_,21.92µm
_4047_,21.92µm
_2965_,21.915µm
_1571_,21.9µm
_3891_,21.9µm
_2191_,21.82µm
_1392_,21.76µm
_1500_,21.74µm
_1506_,21.74µm
_1605_,21.72µm
pe_array\[1\].u_pe.accum_reg\[9\],21.72µm
_1536_,21.68µm
_1546_,21.66µm
_1653_,21.66µm
_2900_,21.66µm
_1466_,21.64µm
_2043_,21.64µm
_3948_,21.6µm
_1487_,21.58µm
_3799_,21.53µm
_3893_,21.52µm
_1656_,21.5µm
_4253_,21.5µm
result_data[49],21.49µm
_3235_,21.48µm
pe_accum\[1\]\[5\],21.48µm
_3258_,21.46µm
_0182_,21.36µm
_1239_,21.36µm
_3882_,21.345µm
_1279_,21.32µm
_1510_,21.32µm
_0944_,21.3µm
_2646_,21.3µm
_1477_,21.24µm
_3855_,21.24µm
net907,21.24µm
net525,21.22µm
_1606_,21.2µm
_2483_,21.2µm
_3478_,21.16µm
net965,21.14µm
_3567_,21.12µm
_3350_,21.1µm
_2391_,21.08µm
_3285_,21.08µm
pe_array\[3\].u_pe.tap_count\[0\],21.08µm
_3538_,21.01µm
_0836_,21µm
_4177_,21µm
_2513_,20.995µm
_3078_,20.96µm
_0454_,20.94µm
_1563_,20.94µm
_1899_,20.94µm
_2074_,20.94µm
_1552_,20.92µm
_0635_,20.88µm
_3245_,20.88µm
_2225_,20.87µm
_0811_,20.86µm
pe_array\[0\].u_pe.accum_reg\[24\],20.81µm
_1844_,20.8µm
_0496_,20.74µm
_0451_,20.72µm
net1008,20.72µm
_0637_,20.7µm
_3532_,20.7µm
_2749_,20.68µm
net686,20.62µm
_3766_,20.58µm
_0713_,20.56µm
_3625_,20.56µm
_2070_,20.54µm
_2542_,20.54µm
_3890_,20.54µm
_4002_,20.54µm
_4020_,20.54µm
_4265_,20.525µm
_2793_,20.52µm
pe_array\[0\].u_pe.accum_reg\[2\],20.52µm
_1492_,20.485µm
_3568_,20.48µm
_0523_,20.45µm
_0976_,20.44µm
_1629_,20.44µm
_3878_,20.44µm
_3704_,20.42µm
_3095_,20.4µm
_3600_,20.4µm
_4124_,20.38µm
_2650_,20.36µm
_0585_,20.34µm
_0740_,20.34µm
_0893_,20.34µm
_0091_,20.325µm
_3091_,20.3µm
_3612_,20.3µm
_4333_,20.3µm
_2037_,20.28µm
_3000_,20.28µm
_1369_,20.24µm
_1534_,20.24µm
net981,20.24µm
_0709_,20.22µm
_1330_,20.22µm
_3648_,20.22µm
_0719_,20.2µm
_2071_,20.2µm
_2228_,20.2µm
_4095_,20.2µm
_1611_,20.18µm
_1463_,20.16µm
_4360_,20.16µm
_0493_,20.12µm
_1176_,20.08µm
_2667_,20.08µm
_2587_,20.06µm
_2824_,20.06µm
_3048_,20.06µm
_4407_,20.04µm
_0658_,20.02µm
pe_array\[1\].u_pe.accum_reg\[11\],20.02µm
_4381_,20µm
_1738_,19.96µm
_2343_,19.96µm
_3338_,19.94µm
_3013_,19.92µm
_1815_,19.9µm
_1093_,19.88µm
_1581_,19.86µm
_2342_,19.84µm
_3547_,19.84µm
_0601_,19.82µm
_2869_,19.82µm
_3233_,19.82µm
_3592_,19.82µm
_1459_,19.8µm
_1059_,19.78µm
result_data[60],19.77µm
_2864_,19.76µm
_4034_,19.76µm
_2224_,19.74µm
_2087_,19.72µm
_2461_,19.68µm
_0202_,19.665µm
_2589_,19.66µm
net450,19.66µm
_2305_,19.655µm
_1986_,19.62µm
_3972_,19.62µm
_2220_,19.6µm
_1891_,19.58µm
_3548_,19.56µm
_3520_,19.52µm
_0868_,19.5µm
_1650_,19.5µm
_4058_,19.5µm
pe_array\[3\].u_pe.accum_reg\[21\],19.5µm
_1432_,19.46µm
clknet_leaf_14_clk,19.44µm
_0660_,19.4µm
_2315_,19.4µm
_2433_,19.4µm
_3824_,19.38µm
_1483_,19.36µm
_1635_,19.36µm
_2952_,19.36µm
_0505_,19.32µm
net828,19.32µm
_2319_,19.3µm
_2904_,19.3µm
_3602_,19.3µm
_1146_,19.26µm
_1811_,19.26µm
_1402_,19.24µm
_3533_,19.2µm
valid_in,19.19µm
_0195_,19.18µm
_4256_,19.18µm
_2167_,19.17µm
_2033_,19.16µm
_2094_,19.16µm
pe_array\[1\].u_pe.accum_reg\[10\],19.14µm
net541,19.13µm
_3849_,19.12µm
_1836_,19.08µm
_4440_,19.08µm
net562,19.08µm
net974,19.08µm
_1411_,19.06µm
_1123_,19.04µm
_4345_,19.02µm
_1644_,19.015µm
_2621_,19µm
_1634_,18.98µm
net901,18.975µm
pe_array\[3\].u_pe.accum_reg\[19\],18.96µm
net580,18.94µm
net653,18.92µm
_1236_,18.9µm
_1377_,18.9µm
_0453_,18.88µm
_0947_,18.86µm
_2320_,18.86µm
_2476_,18.86µm
_2496_,18.86µm
_3528_,18.86µm
_4071_,18.86µm
_0186_,18.84µm
_2528_,18.84µm
_4119_,18.84µm
_1522_,18.82µm
net533,18.82µm
_4391_,18.78µm
_1835_,18.74µm
_1264_,18.7µm
_2427_,18.7µm
_2444_,18.7µm
_1639_,18.68µm
_3302_,18.68µm
_4398_,18.68µm
_4416_,18.68µm
pe_array\[1\].u_pe.accum_reg\[1\],18.66µm
_1313_,18.64µm
_1324_,18.62µm
_3918_,18.62µm
_2880_,18.58µm
_0710_,18.54µm
_1953_,18.54µm
_2955_,18.54µm
_0514_,18.48µm
_3458_,18.48µm
net941,18.44µm
net971,18.44µm
_1671_,18.42µm
_3447_,18.42µm
pe_array\[1\].u_pe.tap_count\[0\],18.42µm
_1556_,18.4µm
_2738_,18.4µm
_3324_,18.4µm
_1579_,18.38µm
_1895_,18.34µm
_3710_,18.34µm
_2015_,18.33µm
_1009_,18.32µm
_1662_,18.32µm
_2438_,18.32µm
_2470_,18.3µm
net985,18.28µm
_0839_,18.25µm
_1034_,18.24µm
_1063_,18.24µm
_2453_,18.24µm
_3099_,18.24µm
_4341_,18.24µm
pe_array\[3\].u_pe.accum_reg\[11\],18.23µm
_0955_,18.22µm
result_data[62],18.21µm
_2612_,18.18µm
_3925_,18.16µm
_2060_,18.14µm
_0166_,18.125µm
pe_array\[0\].u_pe.tap_count\[1\],18.1µm
_3212_,18.08µm
_3733_,18.08µm
net959,18.08µm
_4260_,18.06µm
_4342_,18.06µm
net1003,18.02µm
_0466_,18µm
_1249_,18µm
result_data[43],17.99µm
_0212_,17.985µm
_1739_,17.985µm
_2381_,17.98µm
_2515_,17.98µm
_3780_,17.98µm
_2551_,17.96µm
_4057_,17.96µm
_3265_,17.94µm
_3901_,17.94µm
_3134_,17.92µm
_1557_,17.9µm
net1016,17.9µm
_0910_,17.88µm
pe_array\[2\].u_pe.accum_reg\[25\],17.88µm
_0207_,17.865µm
_2607_,17.86µm
net894,17.86µm
_0802_,17.84µm
_1839_,17.84µm
_2851_,17.84µm
result_data[109],17.84µm
net957,17.82µm
_2666_,17.8µm
_2407_,17.78µm
_2679_,17.78µm
pe_array\[0\].u_pe.accum_reg\[13\],17.78µm
_2140_,17.76µm
_0926_,17.74µm
net972,17.74µm
_2508_,17.72µm
_2193_,17.7µm
_2286_,17.7µm
_1504_,17.68µm
_2531_,17.68µm
_3389_,17.66µm
pe_array\[0\].u_pe.accum_reg\[12\],17.66µm
_0774_,17.64µm
_3544_,17.64µm
_3709_,17.64µm
_3987_,17.64µm
_2518_,17.63µm
_1648_,17.62µm
_3076_,17.62µm
_1048_,17.6µm
_3790_,17.6µm
_3770_,17.58µm
net82,17.56µm
_2207_,17.54µm
result_data[55],17.53µm
_2128_,17.52µm
_2156_,17.465µm
_2425_,17.46µm
_3686_,17.46µm
_0689_,17.43µm
_2693_,17.42µm
_3286_,17.42µm
_3347_,17.42µm
_4351_,17.42µm
_0603_,17.4µm
_2219_,17.4µm
_1621_,17.37µm
_3325_,17.36µm
_1890_,17.32µm
_1920_,17.32µm
_1978_,17.32µm
net979,17.32µm
result_data[61],17.31µm
_3862_,17.3µm
_0457_,17.28µm
_1035_,17.28µm
_3030_,17.28µm
_0787_,17.26µm
_2682_,17.26µm
net909,17.24µm
_1974_,17.22µm
_2974_,17.22µm
_4090_,17.22µm
_4323_,17.21µm
_1911_,17.2µm
_3611_,17.2µm
_3921_,17.2µm
_0921_,17.16µm
_1584_,17.16µm
_3752_,17.16µm
_3754_,17.12µm
_0513_,17.1µm
_2264_,17.1µm
_3468_,17.1µm
net948,17.1µm
_2520_,17.08µm
_3331_,17.08µm
_0554_,17.06µm
_1258_,17.06µm
pe_array\[2\].u_pe.accum_reg\[11\],17.06µm
net1019,17.06µm
_0096_,17.04µm
pe_array\[2\].u_pe.accum_reg\[4\],17.04µm
_0881_,17.02µm
_2121_,17.02µm
net127,17.02µm
_1840_,17µm
_0746_,16.98µm
_1585_,16.98µm
_2103_,16.98µm
_3086_,16.98µm
_2767_,16.97µm
net896,16.96µm
_0450_,16.94µm
_0652_,16.94µm
pe_array\[0\].u_pe.accum_reg\[10\],16.94µm
_0479_,16.92µm
_1923_,16.91µm
_3266_,16.91µm
_3313_,16.9µm
_0161_,16.865µm
_2763_,16.84µm
_0517_,16.82µm
_1626_,16.82µm
_3315_,16.82µm
_0526_,16.8µm
_2926_,16.795µm
_0609_,16.78µm
_1877_,16.78µm
_1465_,16.74µm
_2435_,16.74µm
_3374_,16.74µm
pe_array\[3\].u_pe.accum_reg\[0\],16.74µm
_0851_,16.72µm
_2630_,16.72µm
_3058_,16.72µm
_2557_,16.7µm
_4054_,16.7µm
_1232_,16.68µm
_1753_,16.675µm
_2030_,16.66µm
_1074_,16.64µm
_2706_,16.64µm
_3415_,16.64µm
result_data[40],16.63µm
result_data[57],16.63µm
_1155_,16.62µm
_1608_,16.62µm
_1687_,16.62µm
_3121_,16.62µm
_0683_,16.6µm
_1713_,16.6µm
_2372_,16.6µm
_2726_,16.6µm
result_data[67],16.6µm
clknet_leaf_12_clk,16.6µm
_2878_,16.58µm
_3742_,16.58µm
_0528_,16.56µm
_0575_,16.56µm
_1927_,16.56µm
net87,16.56µm
net924,16.56µm
net1004,16.56µm
_2805_,16.55µm
_2495_,16.525µm
_1791_,16.52µm
_4326_,16.52µm
net986,16.52µm
_2020_,16.5µm
_0555_,16.49µm
_2514_,16.49µm
_4267_,16.48µm
net961,16.48µm
_1742_,16.46µm
_2166_,16.46µm
_2956_,16.44µm
_4172_,16.44µm
_2056_,16.42µm
_1254_,16.4µm
_4239_,16.4µm
_1460_,16.36µm
_0211_,16.355µm
_0456_,16.34µm
_0488_,16.34µm
_1871_,16.34µm
_2918_,16.32µm
_1295_,16.3µm
_2059_,16.3µm
_2759_,16.3µm
_0987_,16.28µm
_2522_,16.28µm
_3943_,16.27µm
_3681_,16.26µm
_2590_,16.255µm
_2983_,16.24µm
_3703_,16.24µm
result_data[113],16.24µm
result_data[3],16.24µm
_3613_,16.23µm
_0519_,16.22µm
_3998_,16.22µm
net100,16.22µm
net108,16.22µm
_0086_,16.185µm
_0776_,16.18µm
_2922_,16.18µm
_3433_,16.18µm
_4173_,16.18µm
_4361_,16.18µm
_1268_,16.16µm
_3445_,16.16µm
_4273_,16.16µm
pe_array\[3\].u_pe.accum_reg\[16\],16.16µm
pe_array\[3\].u_pe.tap_count\[3\],16.16µm
_2269_,16.14µm
clknet_leaf_25_clk,16.14µm
_1347_,16.12µm
_1613_,16.12µm
_3603_,16.12µm
_3823_,16.1µm
net956,16.08µm
_1326_,16.065µm
_0712_,16.06µm
_1620_,16.06µm
_1807_,16.06µm
_2860_,16.06µm
_2294_,16.04µm
_4443_,16.025µm
_3777_,15.99µm
_0727_,15.98µm
_3828_,15.98µm
pe_accum\[1\]\[0\],15.98µm
pe_array\[0\].u_pe.tap_count\[2\],15.98µm
result_data[56],15.97µm
_2041_,15.96µm
_3706_,15.96µm
_0688_,15.94µm
_1535_,15.94µm
_2780_,15.88µm
_2828_,15.84µm
_0573_,15.82µm
_2252_,15.82µm
_2454_,15.82µm
_4030_,15.82µm
_3565_,15.81µm
_3289_,15.8µm
_3444_,15.8µm
result_data[4],15.8µm
clknet_leaf_15_clk,15.78µm
net983,15.78µm
_2474_,15.76µm
_3369_,15.76µm
_3761_,15.76µm
_1284_,15.74µm
_0486_,15.72µm
_0606_,15.72µm
_1445_,15.72µm
pe_array\[2\].u_pe.tap_count\[2\],15.72µm
_0715_,15.7µm
_1540_,15.7µm
_1565_,15.7µm
_1590_,15.7µm
_3913_,15.7µm
_4033_,15.7µm
_2853_,15.68µm
_3187_,15.68µm
result_data[27],15.68µm
_4251_,15.66µm
_4191_,15.64µm
_1518_,15.605µm
_1475_,15.6µm
_3320_,15.58µm
_0892_,15.56µm
_1521_,15.56µm
_2244_,15.56µm
_2546_,15.56µm
_4088_,15.56µm
_0793_,15.54µm
_1070_,15.52µm
_3794_,15.52µm
_2722_,15.46µm
_3480_,15.46µm
_3678_,15.46µm
_1651_,15.44µm
_3070_,15.44µm
_2336_,15.42µm
_2464_,15.42µm
result_data[127],15.38µm
_3851_,15.37µm
_1159_,15.36µm
_1476_,15.36µm
_2631_,15.36µm
_3473_,15.36µm
_4081_,15.36µm
_4185_,15.34µm
_1527_,15.32µm
_3035_,15.32µm
_3574_,15.32µm
_1044_,15.3µm
_1374_,15.3µm
_1707_,15.3µm
net124,15.3µm
_4005_,15.28µm
_4149_,15.28µm
_3827_,15.255µm
_1096_,15.24µm
_4052_,15.24µm
_1117_,15.22µm
net1012,15.22µm
_0752_,15.21µm
_4142_,15.2µm
_2532_,15.18µm
net958,15.16µm
result_data[59],15.15µm
_2897_,15.14µm
_4075_,15.14µm
_1785_,15.12µm
_3682_,15.12µm
net926,15.12µm
_3327_,15.1µm
_3328_,15.1µm
_3765_,15.1µm
_4428_,15.1µm
_2216_,15.08µm
_2778_,15.08µm
_4285_,15.08µm
net975,15.08µm
_0461_,15.06µm
_2779_,15.06µm
_4307_,15.06µm
_1010_,15.04µm
_2902_,15.04µm
_3440_,15.04µm
_3443_,15.04µm
pe_array\[2\].u_pe.accum_reg\[22\],15.04µm
_2541_,15.025µm
_2009_,15.02µm
_2177_,15.02µm
net964,15.02µm
_0197_,15.005µm
_3224_,15µm
_3657_,15µm
_2502_,14.98µm
_1525_,14.96µm
_2282_,14.96µm
pe_array\[0\].u_pe.accum_reg\[8\],14.96µm
_0838_,14.94µm
_1141_,14.92µm
_1263_,14.92µm
_1820_,14.92µm
_2249_,14.92µm
net916,14.92µm
_1625_,14.91µm
_0443_,14.9µm
_1867_,14.9µm
_4317_,14.9µm
_1237_,14.88µm
_1631_,14.88µm
_1943_,14.88µm
_2694_,14.88µm
_3896_,14.88µm
_4106_,14.88µm
result_data[68],14.88µm
net993,14.88µm
_0757_,14.86µm
_2823_,14.86µm
_3694_,14.86µm
_0452_,14.84µm
_0783_,14.84µm
_0952_,14.84µm
_1076_,14.84µm
_3240_,14.84µm
_3479_,14.84µm
_0739_,14.82µm
_4382_,14.82µm
_1813_,14.8µm
_2085_,14.8µm
_0657_,14.78µm
_0666_,14.78µm
_2165_,14.78µm
pe_array\[0\].u_pe.accum_reg\[9\],14.78µm
_3726_,14.74µm
_0210_,14.735µm
_1850_,14.72µm
_2953_,14.72µm
_3509_,14.72µm
net600,14.72µm
_3663_,14.7µm
_0584_,14.68µm
_0630_,14.68µm
_2104_,14.68µm
_4325_,14.68µm
_3932_,14.66µm
_0704_,14.65µm
_4084_,14.64µm
_4356_,14.61µm
_0644_,14.6µm
_2050_,14.6µm
_4247_,14.6µm
_4421_,14.6µm
_0177_,14.585µm
_2567_,14.585µm
_2079_,14.58µm
_3380_,14.58µm
_0569_,14.56µm
_2582_,14.56µm
_3659_,14.56µm
_3993_,14.56µm
net963,14.54µm
_0634_,14.52µm
_1793_,14.52µm
_0617_,14.5µm
_3655_,14.5µm
_3654_,14.49µm
_3353_,14.48µm
result_data[58],14.47µm
_3474_,14.44µm
_3747_,14.44µm
_3953_,14.44µm
_4170_,14.44µm
_0146_,14.435µm
_1803_,14.42µm
_3523_,14.42µm
_0720_,14.4µm
_1670_,14.4µm
_2437_,14.4µm
_2563_,14.4µm
_3296_,14.4µm
_4277_,14.38µm
pe_array\[2\].u_pe.accum_reg\[16\],14.38µm
_0114_,14.345µm
_1277_,14.32µm
_1652_,14.32µm
_2544_,14.32µm
_2963_,14.32µm
result_data[121],14.32µm
_0760_,14.3µm
_1113_,14.3µm
_1711_,14.3µm
_4189_,14.3µm
_4376_,14.3µm
net992,14.3µm
_3310_,14.28µm
_2397_,14.26µm
_2987_,14.26µm
clknet_leaf_62_clk,14.26µm
_0510_,14.245µm
_1346_,14.24µm
_3605_,14.24µm
_0462_,14.22µm
_1462_,14.22µm
_1694_,14.22µm
_4434_,14.21µm
_0918_,14.2µm
_3222_,14.2µm
_1664_,14.18µm
_1693_,14.18µm
_2368_,14.18µm
_3156_,14.18µm
_0572_,14.17µm
_1757_,14.15µm
_0682_,14.14µm
_2162_,14.14µm
_2602_,14.14µm
_2727_,14.14µm
_3062_,14.14µm
pe_array\[3\].u_pe.accum_reg\[12\],14.14µm
_0935_,14.135µm
_3332_,14.13µm
_3782_,14.13µm
net903,14.12µm
_1091_,14.1µm
_1573_,14.1µm
net872,14.1µm
net960,14.1µm
_2714_,14.08µm
_1069_,14.06µm
_1955_,14.06µm
_2586_,14.06µm
pe_array\[2\].u_pe.accum_reg\[23\],14.06µm
_0636_,14.04µm
_2654_,14.04µm
_2671_,14.04µm
_2054_,14.035µm
_2362_,14.03µm
_3116_,14.02µm
_4420_,14.02µm
_0627_,14µm
_1889_,14µm
_4431_,14µm
_2768_,13.99µm
_1110_,13.98µm
_1947_,13.98µm
_3361_,13.98µm
_0502_,13.96µm
_1847_,13.96µm
_2524_,13.96µm
_2556_,13.96µm
_3297_,13.96µm
_4304_,13.96µm
result_data[71],13.96µm
result_data[88],13.96µm
result_data[92],13.96µm
net997,13.96µm
_0827_,13.94µm
_3038_,13.94µm
_1407_,13.92µm
_1619_,13.92µm
_3226_,13.92µm
pe_accum\[2\]\[24\],13.92µm
_3954_,13.91µm
_2819_,13.88µm
_3081_,13.88µm
pe_array\[2\].u_pe.accum_reg\[12\],13.88µm
pe_array\[3\].u_pe.accum_reg\[31\],13.88µm
net101,13.88µm
net922,13.88µm
_0469_,13.86µm
_1482_,13.86µm
_3599_,13.86µm
_0535_,13.84µm
_1618_,13.84µm
_4137_,13.84µm
net940,13.84µm
_1952_,13.82µm
_2259_,13.82µm
_4270_,13.82µm
_2610_,13.8µm
_3723_,13.8µm
net40,13.8µm
net933,13.8µm
net977,13.8µm
_3503_,13.78µm
_1280_,13.76µm
_2181_,13.76µm
_2339_,13.76µm
_3283_,13.76µm
_3464_,13.76µm
net1000,13.76µm
_0693_,13.74µm
_4303_,13.74µm
pe_array\[1\].u_pe.tap_count\[3\],13.74µm
_0845_,13.72µm
_2258_,13.72µm
net921,13.72µm
_1706_,13.7µm
_2509_,13.7µm
_3898_,13.7µm
pe_array\[1\].u_pe.accum_reg\[7\],13.7µm
_0435_,13.68µm
_0631_,13.68µm
_1255_,13.68µm
_1293_,13.68µm
_2355_,13.68µm
_3693_,13.68µm
_4281_,13.68µm
pe_array\[1\].u_pe.weight_in\[2\],13.66µm
_2155_,13.655µm
_0714_,13.64µm
_1394_,13.64µm
_2268_,13.64µm
_3110_,13.64µm
_4324_,13.64µm
_2466_,13.62µm
pe_array\[2\].u_pe.tap_count\[1\],13.62µm
_1151_,13.6µm
_3431_,13.6µm
_0144_,13.585µm
_1288_,13.58µm
_3647_,13.58µm
pe_array\[1\].u_pe.tap_count\[2\],13.58µm
_1499_,13.56µm
_1712_,13.56µm
_4332_,13.56µm
net968,13.56µm
_3063_,13.54µm
_2984_,13.52µm
_1623_,13.5µm
_2335_,13.5µm
_3042_,13.5µm
_3590_,13.5µm
_3615_,13.5µm
_3857_,13.5µm
pe_array\[0\].u_pe.tap_count\[0\],13.5µm
result_data[0],13.5µm
result_data[19],13.5µm
result_data[65],13.5µm
net84,13.5µm
net102,13.5µm
net911,13.5µm
_1788_,13.48µm
_3596_,13.48µm
_3988_,13.48µm
_3671_,13.47µm
_0797_,13.46µm
_2550_,13.46µm
_3575_,13.46µm
_4015_,13.44µm
_1533_,13.42µm
_1949_,13.42µm
_2385_,13.42µm
_3034_,13.42µm
_3064_,13.42µm
_3217_,13.42µm
_3442_,13.42µm
_4352_,13.42µm
_0184_,13.415µm
_0779_,13.4µm
_1779_,13.4µm
_2690_,13.4µm
_3773_,13.4µm
_1612_,13.38µm
_3271_,13.38µm
_3875_,13.38µm
_4429_,13.38µm
pe_array\[2\].u_pe.accum_reg\[9\],13.38µm
net930,13.38µm
_0692_,13.375µm
_1128_,13.36µm
_1367_,13.36µm
_2306_,13.36µm
_3720_,13.36µm
_0803_,13.35µm
_1531_,13.34µm
net915,13.34µm
_0501_,13.3µm
_1660_,13.3µm
_1832_,13.3µm
_3414_,13.3µm
net970,13.3µm
net1001,13.3µm
_0534_,13.28µm
_2465_,13.28µm
_2250_,13.27µm
_0638_,13.26µm
_1681_,13.26µm
_0206_,13.255µm
_0798_,13.24µm
_2035_,13.24µm
_3250_,13.24µm
_4386_,13.24µm
pe_array\[2\].u_pe.accum_reg\[1\],13.24µm
_1932_,13.22µm
_0744_,13.2µm
_3026_,13.2µm
_3390_,13.2µm
_0737_,13.19µm
_1308_,13.18µm
_4246_,13.18µm
_0258_,13.165µm
_1976_,13.16µm
_3880_,13.16µm
_0612_,13.14µm
_2660_,13.14µm
_3133_,13.14µm
_3254_,13.14µm
_4160_,13.14µm
_4312_,13.14µm
_0552_,13.12µm
_2800_,13.12µm
_3009_,13.12µm
net92,13.12µm
_1290_,13.1µm
_1493_,13.08µm
_1449_,13.06µm
_1614_,13.06µm
_2313_,13.06µm
_3986_,13.06µm
_4022_,13.06µm
_4378_,13.06µm
_3554_,13.04µm
_3585_,13.04µm
_4288_,13.04µm
_4320_,13.04µm
pe_array\[2\].u_pe.accum_reg\[13\],13.04µm
result_data[24],13.04µm
result_data[26],13.04µm
result_data[64],13.04µm
result_data[6],13.04µm
result_data[72],13.04µm
result_data[85],13.04µm
result_data[90],13.04µm
result_data[91],13.04µm
result_data[94],13.04µm
result_data[95],13.04µm
result_data[9],13.04µm
_2199_,13.03µm
result_data[10],13.03µm
_0645_,13.02µm
_1241_,13.02µm
_1827_,13.02µm
_1914_,13.02µm
_3466_,13.02µm
_0696_,13µm
_1796_,13µm
_2298_,13µm
_3260_,13µm
_4410_,13µm
_2379_,12.98µm
_2988_,12.98µm
_4388_,12.98µm
_3955_,12.97µm
_0551_,12.96µm
_0941_,12.96µm
_3354_,12.96µm
net938,12.96µm
_3688_,12.955µm
_1769_,12.94µm
pixel_in[2],12.94µm
_2196_,12.92µm
_3045_,12.92µm
net978,12.92µm
net1034,12.92µm
_0640_,12.88µm
_0723_,12.88µm
_1446_,12.88µm
_2857_,12.88µm
_2910_,12.88µm
_3022_,12.88µm
_3929_,12.88µm
pe_array\[0\].u_pe.tap_count\[3\],12.88µm
_0818_,12.86µm
_1008_,12.86µm
_0662_,12.84µm
_4409_,12.84µm
_3750_,12.82µm
_3416_,12.81µm
_0447_,12.8µm
_0610_,12.8µm
_0656_,12.8µm
_3135_,12.8µm
_3808_,12.8µm
_3915_,12.8µm
pe_array\[2\].u_pe.accum_reg\[19\],12.8µm
pe_array\[3\].u_pe.accum_reg\[17\],12.8µm
_2796_,12.795µm
_2388_,12.76µm
_2562_,12.76µm
clknet_leaf_8_clk,12.76µm
net946,12.76µm
_0524_,12.74µm
_0738_,12.74µm
_2040_,12.74µm
_2527_,12.74µm
_0963_,12.72µm
_1598_,12.72µm
_2290_,12.72µm
_2790_,12.72µm
_1122_,12.7µm
_3757_,12.7µm
_3104_,12.68µm
_4032_,12.68µm
pe_array\[3\].u_pe.accum_reg\[18\],12.68µm
_4007_,12.675µm
_0577_,12.66µm
_2614_,12.66µm
_3284_,12.655µm
_1680_,12.64µm
_4150_,12.64µm
pe_array\[1\].u_pe.accum_reg\[17\],12.64µm
result_data[115],12.64µm
_2440_,12.62µm
_3424_,12.62µm
_3515_,12.62µm
_0931_,12.6µm
_1021_,12.6µm
_1030_,12.6µm
_1178_,12.6µm
_1424_,12.6µm
_1964_,12.6µm
_1528_,12.58µm
_3634_,12.58µm
_3774_,12.58µm
_3930_,12.58µm
result_data[1],12.58µm
result_data[25],12.58µm
result_data[28],12.58µm
result_data[29],12.58µm
result_data[2],12.58µm
result_data[30],12.58µm
result_data[31],12.58µm
result_data[5],12.58µm
result_data[66],12.58µm
result_data[69],12.58µm
result_data[70],12.58µm
result_data[7],12.58µm
result_data[8],12.58µm
result_data[93],12.58µm
net93,12.58µm
net107,12.58µm
_2574_,12.56µm
_2932_,12.56µm
_3805_,12.56µm
_3867_,12.56µm
_4069_,12.56µm
_1139_,12.54µm
_1586_,12.54µm
_2617_,12.54µm
_2923_,12.54µm
_2960_,12.54µm
pe_array\[0\].u_pe.accum_reg\[7\],12.54µm
net967,12.54µm
_4003_,12.52µm
_4425_,12.5µm
_1547_,12.48µm
_1723_,12.48µm
_1814_,12.48µm
_0487_,12.46µm
_1150_,12.46µm
_1439_,12.46µm
_1755_,12.46µm
_2329_,12.46µm
_3291_,12.46µm
_3406_,12.46µm
_3430_,12.46µm
_4161_,12.46µm
net929,12.46µm
_2164_,12.44µm
_2743_,12.44µm
_4330_,12.44µm
result_data[38],12.43µm
_1458_,12.42µm
_2370_,12.42µm
_3256_,12.42µm
_3607_,12.42µm
_4151_,12.42µm
_2787_,12.4µm
_3753_,12.4µm
_1690_,12.36µm
_2548_,12.35µm
_3749_,12.35µm
_0945_,12.34µm
_2198_,12.34µm
_1569_,12.32µm
_2664_,12.32µm
_3437_,12.32µm
_3859_,12.3µm
_2403_,12.285µm
_2007_,12.28µm
_2423_,12.26µm
_2526_,12.26µm
_2606_,12.26µm
_3311_,12.26µm
_3486_,12.26µm
_3643_,12.26µm
_3820_,12.26µm
_0623_,12.24µm
_2797_,12.24µm
_0464_,12.22µm
_0615_,12.2µm
_0329_,12.185µm
_0562_,12.18µm
_2109_,12.18µm
_2135_,12.18µm
_2309_,12.18µm
result_data[105],12.18µm
pe_array\[2\].u_pe.accum_reg\[15\],12.17µm
_0597_,12.16µm
_0903_,12.16µm
_2834_,12.16µm
_3673_,12.16µm
_4348_,12.16µm
_3912_,12.15µm
_0655_,12.14µm
_3739_,12.14µm
pe_array\[0\].u_pe.accum_reg\[14\],12.14µm
result_data[117],12.14µm
_0768_,12.12µm
_0788_,12.12µm
_0850_,12.12µm
_1786_,12.12µm
_2462_,12.12µm
_3037_,12.12µm
_3689_,12.12µm
result_data[89],12.12µm
result_valid,12.12µm
_0722_,12.1µm
_1259_,12.1µm
_2057_,12.1µm
_2231_,12.1µm
_2348_,12.1µm
_0671_,12.08µm
_1857_,12.08µm
_3484_,12.08µm
_3900_,12.08µm
_3994_,12.08µm
_4043_,12.08µm
_4350_,12.08µm
_1564_,12.065µm
_2636_,12.06µm
_2808_,12.06µm
_3606_,12.06µm
_2807_,12.04µm
_2986_,12.04µm
_3727_,12.04µm
net154,12.04µm
_3363_,12.035µm
_0830_,12.02µm
_2117_,12.02µm
_3696_,12.02µm
_2276_,12.01µm
_4280_,12.01µm
_0495_,12µm
_1876_,12µm
_2234_,12µm
_2627_,12µm
_2774_,12µm
_3562_,12µm
_0653_,11.98µm
_2206_,11.98µm
_3461_,11.98µm
_3889_,11.98µm
_3965_,11.98µm
_1576_,11.96µm
_1944_,11.96µm
_2566_,11.96µm
_2885_,11.96µm
_3785_,11.96µm
_3944_,11.96µm
_0095_,11.945µm
net126,11.94µm
_4349_,11.925µm
_0673_,11.92µm
_0996_,11.92µm
_1006_,11.92µm
_1302_,11.92µm
net931,11.92µm
_0855_,11.9µm
_4098_,11.9µm
_0822_,11.88µm
_1549_,11.88µm
_1797_,11.88µm
_2898_,11.88µm
_2934_,11.88µm
_3441_,11.88µm
_3856_,11.88µm
net106,11.88µm
net947,11.88µm
net987,11.88µm
net989,11.88µm
_1496_,11.86µm
_0339_,11.845µm
_3047_,11.84µm
_0972_,11.82µm
_2061_,11.8µm
_4014_,11.79µm
_2375_,11.78µm
pe_array\[1\].u_pe.accum_reg\[18\],11.78µm
_0816_,11.76µm
_1087_,11.76µm
_1792_,11.76µm
_3690_,11.76µm
_4423_,11.76µm
result_data[39],11.75µm
_1108_,11.74µm
_2243_,11.74µm
_2771_,11.74µm
_2113_,11.72µm
_0632_,11.7µm
_0806_,11.7µm
_0840_,11.7µm
_1079_,11.7µm
_1853_,11.7µm
_4024_,11.7µm
_0561_,11.68µm
_0804_,11.68µm
_2184_,11.68µm
_2622_,11.68µm
_2663_,11.68µm
_3950_,11.68µm
pe_array\[1\].u_pe.tap_count\[1\],11.68µm
_0539_,11.66µm
_0542_,11.66µm
_0586_,11.66µm
_0920_,11.66µm
_2471_,11.66µm
_2736_,11.66µm
_3903_,11.66µm
_4291_,11.66µm
_4298_,11.66µm
_4369_,11.66µm
result_data[77],11.65µm
_1922_,11.64µm
_2415_,11.64µm
_2971_,11.64µm
_3534_,11.64µm
_2277_,11.63µm
_0928_,11.62µm
_2705_,11.6µm
_2837_,11.6µm
_3555_,11.6µm
_3834_,11.6µm
_1370_,11.58µm
_2469_,11.58µm
_2840_,11.58µm
_3833_,11.58µm
_3894_,11.58µm
_0897_,11.56µm
_0974_,11.56µm
_1328_,11.56µm
_1678_,11.56µm
_2174_,11.56µm
_3482_,11.56µm
_3776_,11.56µm
_2238_,11.55µm
_0583_,11.54µm
_0819_,11.54µm
_3231_,11.54µm
_3365_,11.54µm
_3435_,11.54µm
_3637_,11.54µm
_3717_,11.54µm
net578,11.54µm
_1130_,11.52µm
_1261_,11.52µm
_0156_,11.505µm
_0566_,11.5µm
_4118_,11.5µm
net935,11.5µm
_1537_,11.48µm
_2814_,11.48µm
_2585_,11.475µm
net900,11.47µm
_1305_,11.46µm
_1344_,11.46µm
_2317_,11.46µm
_3952_,11.46µm
net904,11.46µm
net966,11.46µm
result_data[78],11.45µm
_0789_,11.44µm
_1756_,11.44µm
_1831_,11.44µm
_0620_,11.42µm
_1327_,11.42µm
_2638_,11.42µm
_3326_,11.42µm
_0003_,11.415µm
_0582_,11.41µm
_2941_,11.4µm
_3343_,11.4µm
_3800_,11.4µm
result_data[84],11.39µm
_1350_,11.38µm
_3010_,11.38µm
_0173_,11.375µm
_3645_,11.37µm
_0596_,11.36µm
_1349_,11.36µm
_1697_,11.36µm
_2114_,11.36µm
_3928_,11.36µm
_4259_,11.36µm
_0070_,11.345µm
_2713_,11.34µm
_3269_,11.34µm
_3746_,11.34µm
_1334_,11.32µm
_3345_,11.32µm
_3487_,11.32µm
_3617_,11.32µm
_3638_,11.32µm
_0272_,11.305µm
_2742_,11.3µm
_3518_,11.3µm
_4008_,11.3µm
_1089_,11.28µm
_1541_,11.28µm
_2436_,11.28µm
_3351_,11.28µm
net95,11.28µm
_2798_,11.26µm
_3695_,11.26µm
_4245_,11.26µm
result_data[107],11.26µm
_1860_,11.22µm
_1940_,11.22µm
_2591_,11.22µm
_2997_,11.22µm
_0137_,11.205µm
_0734_,11.2µm
_0751_,11.2µm
_1842_,11.2µm
_2247_,11.2µm
_2999_,11.2µm
_4127_,11.2µm
pe_array\[3\].u_pe.accum_reg\[25\],11.2µm
_0564_,11.18µm
_1622_,11.18µm
_3127_,11.18µm
_2561_,11.16µm
_2804_,11.16µm
_3692_,11.16µm
_1428_,11.145µm
_0475_,11.14µm
_1879_,11.14µm
_2734_,11.14µm
_0531_,11.12µm
_0595_,11.12µm
_0872_,11.12µm
_0968_,11.12µm
_1056_,11.12µm
_1467_,11.12µm
_2105_,11.12µm
_2386_,11.12µm
_2434_,11.12µm
_2538_,11.12µm
_4354_,11.12µm
net71,11.12µm
_0022_,11.1µm
_0724_,11.1µm
_1689_,11.1µm
_1784_,11.1µm
_2709_,11.1µm
_3108_,11.1µm
_3744_,11.1µm
_0858_,11.08µm
_1109_,11.08µm
_1273_,11.08µm
_1730_,11.08µm
_2350_,11.08µm
_2608_,11.08µm
_3436_,11.08µm
_3558_,11.08µm
_2131_,11.06µm
_3158_,11.06µm
_3308_,11.06µm
_3840_,11.06µm
_2560_,11.05µm
_1451_,11.04µm
_2201_,11.04µm
_2816_,11.04µm
result_data[41],11.03µm
_3646_,11.02µm
_0801_,11.01µm
_1036_,11µm
_1337_,11µm
_1963_,11µm
_2799_,11µm
net949,11µm
_3413_,10.995µm
_0536_,10.98µm
_1848_,10.98µm
_3705_,10.98µm
_3938_,10.98µm
_0238_,10.965µm
_0769_,10.96µm
_1320_,10.96µm
_1433_,10.96µm
_1481_,10.96µm
_2130_,10.96µm
_2168_,10.96µm
_2519_,10.96µm
_2740_,10.96µm
_4338_,10.96µm
pe_array\[2\].u_pe.accum_reg\[18\],10.96µm
net953,10.96µm
_3909_,10.95µm
_4287_,10.94µm
_0914_,10.92µm
_2260_,10.92µm
_2418_,10.92µm
_3079_,10.92µm
net998,10.92µm
_3933_,10.9µm
_3874_,10.895µm
_0988_,10.88µm
_1214_,10.86µm
_3935_,10.86µm
_1045_,10.84µm
_2750_,10.84µm
_3512_,10.84µm
_4258_,10.84µm
_4144_,10.82µm
pe_array\[2\].u_pe.tap_count\[3\],10.82µm
_1103_,10.8µm
_4031_,10.8µm
result_data[126],10.8µm
_1335_,10.78µm
_1654_,10.78µm
_2275_,10.78µm
_2600_,10.78µm
_2829_,10.78µm
net97,10.78µm
net111,10.78µm
net1014,10.78µm
_2993_,10.77µm
_1661_,10.76µm
_1015_,10.745µm
_0446_,10.74µm
_1246_,10.74µm
_2665_,10.74µm
_2937_,10.74µm
_2944_,10.74µm
_3970_,10.74µm
net951,10.74µm
_1789_,10.72µm
_1833_,10.72µm
_2084_,10.72µm
_2449_,10.72µm
_2670_,10.72µm
_2769_,10.72µm
_3886_,10.72µm
_0434_,10.7µm
_0649_,10.7µm
_1107_,10.7µm
_3516_,10.7µm
_3996_,10.7µm
_0859_,10.68µm
_1125_,10.68µm
_1993_,10.68µm
_2635_,10.68µm
_2647_,10.68µm
_2875_,10.68µm
_0705_,10.66µm
_0907_,10.66µm
_1184_,10.66µm
_2595_,10.66µm
_2688_,10.66µm
_3137_,10.66µm
_2002_,10.64µm
_2704_,10.64µm
_2985_,10.64µm
_3334_,10.64µm
_3339_,10.64µm
_3939_,10.64µm
_2450_,10.625µm
_0856_,10.62µm
_2569_,10.62µm
_3391_,10.62µm
_3707_,10.62µm
_3831_,10.62µm
_2511_,10.6µm
_2687_,10.6µm
result_data[54],10.59µm
_0667_,10.58µm
_3748_,10.58µm
net1005,10.58µm
_1472_,10.57µm
result_data[120],10.56µm
_0946_,10.54µm
_1126_,10.54µm
_1849_,10.54µm
_4083_,10.54µm
pe_array\[3\].u_pe.accum_reg\[24\],10.54µm
net902,10.54µm
_0965_,10.52µm
_2733_,10.52µm
_3066_,10.52µm
_4167_,10.52µm
result_data[16],10.51µm
_1453_,10.5µm
_1726_,10.5µm
_1762_,10.5µm
_1798_,10.5µm
_2882_,10.5µm
_3438_,10.5µm
_3641_,10.5µm
_3683_,10.5µm
_2340_,10.48µm
_1104_,10.46µm
_2068_,10.46µm
net895,10.46µm
_3865_,10.44µm
_0481_,10.42µm
_2065_,10.42µm
_3472_,10.42µm
_3502_,10.42µm
_3593_,10.42µm
_3957_,10.42µm
_4056_,10.42µm
_0401_,10.415µm
_3636_,10.41µm
_1855_,10.4µm
_2058_,10.4µm
_2263_,10.4µm
_2681_,10.4µm
_3336_,10.4µm
_3432_,10.4µm
_3564_,10.4µm
_4011_,10.4µm
_0925_,10.38µm
_1601_,10.38µm
_1942_,10.38µm
_2772_,10.38µm
_3743_,10.38µm
net954,10.38µm
_1398_,10.36µm
_1503_,10.36µm
_1960_,10.36µm
_2321_,10.36µm
_2547_,10.36µm
_3926_,10.36µm
_3980_,10.36µm
_1163_,10.34µm
_1517_,10.34µm
net33,10.34µm
net135,10.34µm
_0164_,10.32µm
_1538_,10.32µm
_1854_,10.32µm
_1950_,10.32µm
_3204_,10.32µm
_3814_,10.32µm
_4136_,10.32µm
_4162_,10.32µm
pe_array\[1\].u_pe.accum_reg\[14\],10.32µm
net932,10.32µm
result_data[108],10.31µm
_0521_,10.3µm
_2025_,10.3µm
_4383_,10.3µm
net955,10.3µm
_0694_,10.28µm
_0736_,10.28µm
_2327_,10.28µm
_2735_,10.28µm
_3032_,10.28µm
_3382_,10.28µm
_3449_,10.28µm
_3560_,10.28µm
_3561_,10.28µm
_4045_,10.28µm
_4363_,10.28µm
pe_array\[0\].u_pe.weight_in\[1\],10.28µm
_2601_,10.26µm
_3499_,10.26µm
_0476_,10.24µm
_1826_,10.24µm
_1884_,10.24µm
_2169_,10.24µm
_2183_,10.24µm
_2209_,10.24µm
_3465_,10.24µm
_2893_,10.22µm
_3420_,10.22µm
_3931_,10.22µm
_0608_,10.2µm
_1147_,10.2µm
_1657_,10.2µm
_2990_,10.2µm
net996,10.2µm
_0954_,10.18µm
_4299_,10.18µm
_0674_,10.16µm
_1339_,10.16µm
_1615_,10.16µm
_1702_,10.16µm
_1997_,10.16µm
_2333_,10.16µm
_2943_,10.16µm
_3112_,10.16µm
_0619_,10.14µm
_0808_,10.14µm
_1800_,10.14µm
_4372_,10.14µm
_1042_,10.12µm
_1319_,10.12µm
_1532_,10.12µm
_1903_,10.12µm
_3020_,10.12µm
_3123_,10.12µm
_3608_,10.12µm
_4242_,10.1µm
_2826_,10.09µm
result_data[87],10.09µm
_1084_,10.08µm
_1698_,10.08µm
_2899_,10.08µm
_3043_,10.08µm
net893,10.08µm
pixel_in[1],10.07µm
_1329_,10.06µm
_3434_,10.06µm
_4096_,10.06µm
_4128_,10.06µm
pe_array\[3\].u_pe.accum_reg\[14\],10.06µm
_2517_,10.05µm
_1774_,10.045µm
_2504_,10.04µm
_2565_,10.04µm
_2593_,10.04µm
_2930_,10.04µm
_3317_,10.04µm
_3789_,10.04µm
_4079_,10.04µm
net944,10.04µm
net976,10.04µm
_3927_,10.02µm
_2947_,10.015µm
_0876_,10µm
_1578_,10µm
_2891_,10µm
_3248_,10µm
_4217_,10µm
_0927_,9.98µm
_0165_,9.965µm
_0588_,9.96µm
_1272_,9.96µm
_1572_,9.96µm
_3395_,9.96µm
_3507_,9.96µm
_3772_,9.96µm
_4040_,9.96µm
_4067_,9.96µm
_2594_,9.94µm
_3273_,9.94µm
_3352_,9.94µm
_3471_,9.94µm
_3810_,9.94µm
_3279_,9.925µm
_2845_,9.92µm
_3082_,9.92µm
net677,9.92µm
_2914_,9.9µm
_2992_,9.9µm
_0507_,9.88µm
_3114_,9.88µm
result_data[118],9.88µm
result_data[124],9.88µm
net542,9.88µm
_0672_,9.87µm
_0241_,9.865µm
_1609_,9.86µm
_1616_,9.86µm
_1858_,9.86µm
_2484_,9.86µm
_2917_,9.86µm
_3288_,9.86µm
_3860_,9.86µm
_4046_,9.86µm
_0614_,9.84µm
_0625_,9.84µm
_0899_,9.84µm
_2672_,9.84µm
_2741_,9.84µm
_0571_,9.82µm
_0733_,9.82µm
_1099_,9.82µm
_1160_,9.82µm
_3899_,9.82µm
net47,9.82µm
_1649_,9.8µm
_1896_,9.8µm
_2416_,9.8µm
_3131_,9.8µm
_4053_,9.8µm
_4374_,9.8µm
_2265_,9.79µm
_0835_,9.78µm
_3614_,9.78µm
_3644_,9.78µm
_3895_,9.78µm
_3941_,9.78µm
pe_array\[3\].u_pe.tap_count\[2\],9.78µm
_1031_,9.76µm
_1118_,9.76µm
_1574_,9.76µm
_0669_,9.75µm
_2395_,9.745µm
_1325_,9.74µm
_2539_,9.725µm
_1381_,9.72µm
_2756_,9.72µm
_3839_,9.72µm
_1764_,9.715µm
_3529_,9.71µm
_0574_,9.7µm
_1673_,9.7µm
_2396_,9.7µm
_2680_,9.7µm
_2718_,9.7µm
_3151_,9.7µm
_3830_,9.7µm
_3897_,9.7µm
net1002,9.7µm
_1406_,9.69µm
_0134_,9.685µm
_2558_,9.68µm
_3107_,9.68µm
_0771_,9.66µm
_1641_,9.66µm
clknet_leaf_33_clk,9.66µm
_0590_,9.64µm
_0874_,9.64µm
_4001_,9.64µm
weight_addr[0],9.64µm
_0504_,9.62µm
_1988_,9.62µm
_2806_,9.62µm
_2830_,9.62µm
_3309_,9.62µm
_3863_,9.62µm
_2292_,9.6µm
_2489_,9.6µm
_2809_,9.6µm
_2856_,9.6µm
_3274_,9.6µm
_3397_,9.6µm
_3675_,9.6µm
_3687_,9.6µm
pe_array\[2\].u_pe.accum_reg\[14\],9.6µm
_1783_,9.58µm
_2341_,9.58µm
_3318_,9.58µm
_3460_,9.58µm
_3767_,9.58µm
_3942_,9.58µm
_4313_,9.58µm
pe_array\[3\].u_pe.accum_reg\[15\],9.58µm
net910,9.58µm
net990,9.58µm
_0726_,9.56µm
_3039_,9.56µm
_0745_,9.54µm
_1094_,9.54µm
_1679_,9.54µm
_1688_,9.54µm
_2376_,9.52µm
_3408_,9.52µm
_4108_,9.52µm
_0685_,9.51µm
_1721_,9.51µm
_0497_,9.5µm
_1105_,9.5µm
_1425_,9.5µm
_2004_,9.5µm
_2296_,9.5µm
_2479_,9.5µm
_2940_,9.5µm
_3016_,9.5µm
_3154_,9.5µm
_2645_,9.495µm
_0961_,9.48µm
_1196_,9.48µm
_1400_,9.48µm
_1479_,9.48µm
_2088_,9.48µm
_2189_,9.48µm
_2683_,9.48µm
_3373_,9.48µm
_3702_,9.48µm
_4316_,9.48µm
_4393_,9.48µm
_0708_,9.46µm
_1799_,9.46µm
_2106_,9.46µm
_2626_,9.46µm
_3591_,9.46µm
_4236_,9.46µm
_4337_,9.46µm
pe_array\[2\].u_pe.accum_reg\[20\],9.46µm
_0033_,9.445µm
_0538_,9.44µm
_1443_,9.44µm
_3905_,9.44µm
_4176_,9.44µm
_0782_,9.43µm
result_data[51],9.43µm
_2493_,9.425µm
_1435_,9.42µm
_2393_,9.42µm
_3721_,9.42µm
result_data[100],9.42µm
result_data[119],9.42µm
net596,9.42µm
_1423_,9.4µm
_2661_,9.4µm
_0467_,9.36µm
_1023_,9.36µm
_1473_,9.36µm
_1995_,9.36µm
_2975_,9.36µm
_3368_,9.36µm
_3711_,9.36µm
_3813_,9.36µm
_3967_,9.36µm
_3971_,9.36µm
_4159_,9.36µm
_4248_,9.36µm
_4367_,9.36µm
pe_array\[0\].u_pe.accum_reg\[0\],9.36µm
net945,9.36µm
_1928_,9.355µm
_3595_,9.34µm
_4157_,9.34µm
_0616_,9.32µm
_0841_,9.32µm
_1220_,9.32µm
_1456_,9.32µm
_3426_,9.32µm
_3505_,9.32µm
_4077_,9.32µm
_4306_,9.32µm
_0864_,9.3µm
_0943_,9.3µm
_0956_,9.3µm
_2018_,9.3µm
_2863_,9.3µm
_0648_,9.28µm
_0767_,9.28µm
_0901_,9.28µm
_0978_,9.28µm
_1192_,9.28µm
_1447_,9.28µm
_2596_,9.28µm
_2786_,9.28µm
_3379_,9.28µm
_4140_,9.28µm
_4415_,9.28µm
_4436_,9.28µm
net995,9.28µm
_0834_,9.26µm
_2064_,9.26µm
_2507_,9.26µm
_2951_,9.26µm
_3791_,9.26µm
pe_array\[0\].u_pe.accum_reg\[19\],9.26µm
_0423_,9.245µm
_0676_,9.24µm
_1116_,9.24µm
_1306_,9.24µm
_1818_,9.24µm
_2073_,9.24µm
_2463_,9.24µm
_2505_,9.24µm
_2684_,9.24µm
_2976_,9.24µm
_3050_,9.24µm
_3848_,9.24µm
net914,9.24µm
_3624_,9.22µm
result_data[50],9.21µm
_1804_,9.2µm
_3594_,9.2µm
_1958_,9.19µm
_1655_,9.18µm
_3715_,9.18µm
_0706_,9.16µm
_1448_,9.16µm
_1941_,9.16µm
_2055_,9.16µm
_2175_,9.16µm
_2270_,9.16µm
_2776_,9.16µm
_3383_,9.16µm
net927,9.16µm
result_data[52],9.15µm
_0646_,9.14µm
_1338_,9.14µm
_1352_,9.14µm
_1602_,9.14µm
_3734_,9.135µm
_0527_,9.12µm
_1719_,9.12µm
_1731_,9.12µm
_2124_,9.12µm
_3850_,9.12µm
net912,9.12µm
net928,9.12µm
net936,9.12µm
net950,9.12µm
_2326_,9.1µm
_3892_,9.1µm
_1405_,9.08µm
_1728_,9.08µm
_2116_,9.08µm
_3981_,9.08µm
_0842_,9.06µm
_2879_,9.06µm
_3661_,9.06µm
_4183_,9.06µm
_0826_,9.04µm
_0951_,9.04µm
_1875_,9.04µm
_1989_,9.04µm
_2240_,9.04µm
_3633_,9.04µm
_4164_,9.04µm
_4340_,9.04µm
_0884_,9.02µm
_0929_,9.02µm
_2233_,9.02µm
_2720_,9.02µm
_3276_,9.02µm
_3488_,9.02µm
_3802_,9.02µm
_4102_,9.02µm
_1253_,9µm
_1558_,9µm
_3386_,9µm
_3759_,9µm
_3821_,9µm
_0316_,8.985µm
_1495_,8.98µm
_2634_,8.98µm
net125,8.98µm
_2148_,8.97µm
pe_array\[2\].u_pe.accum_reg\[0\],8.97µm
_2966_,8.96µm
_3384_,8.96µm
result_data[101],8.96µm
result_data[102],8.96µm
result_data[103],8.96µm
result_data[104],8.96µm
result_data[106],8.96µm
result_data[122],8.96µm
result_data[123],8.96µm
result_data[125],8.96µm
result_data[46],8.96µm
result_data[96],8.96µm
result_data[99],8.96µm
net746,8.96µm
_0953_,8.94µm
_1990_,8.94µm
_2172_,8.94µm
_2398_,8.94µm
_3500_,8.94µm
pe_array\[3\].u_pe.weight_in\[0\],8.94µm
net52,8.94µm
_0613_,8.92µm
_1388_,8.92µm
_1389_,8.92µm
_3011_,8.92µm
_4121_,8.92µm
pe_array\[3\].u_pe.tap_count\[1\],8.92µm
_0852_,8.9µm
_0880_,8.9µm
_0895_,8.9µm
_1161_,8.9µm
_2429_,8.9µm
_2676_,8.9µm
_2719_,8.9µm
_2887_,8.9µm
_3277_,8.9µm
_4115_,8.9µm
_4266_,8.9µm
_4314_,8.9µm
pe_accum\[1\]\[25\],8.9µm
net942,8.9µm
_1289_,8.88µm
_1593_,8.88µm
_3319_,8.88µm
_1359_,8.87µm
_0543_,8.86µm
_1169_,8.86µm
_1734_,8.86µm
_1961_,8.86µm
_2195_,8.86µm
_2297_,8.86µm
net69,8.86µm
_0491_,8.84µm
_0772_,8.84µm
_0875_,8.84µm
_1645_,8.84µm
_2222_,8.84µm
_3812_,8.84µm
_0363_,8.825µm
_0518_,8.82µm
_0684_,8.82µm
_1627_,8.82µm
_1906_,8.82µm
_2338_,8.82µm
_2818_,8.82µm
_2929_,8.82µm
_3153_,8.82µm
_3450_,8.82µm
_3934_,8.82µm
_4059_,8.82µm
net539,8.82µm
_0120_,8.8µm
_1722_,8.8µm
_2477_,8.8µm
_2866_,8.8µm
_3001_,8.8µm
_3924_,8.8µm
_0445_,8.78µm
_1385_,8.78µm
_2229_,8.78µm
_2230_,8.78µm
_2303_,8.78µm
_2810_,8.78µm
_3305_,8.78µm
_3411_,8.78µm
pe_array\[3\].u_pe.accum_reg\[10\],8.78µm
net96,8.78µm
_3716_,8.77µm
_1442_,8.76µm
_2773_,8.76µm
_0000_,8.745µm
_0556_,8.72µm
_2136_,8.72µm
_2383_,8.7µm
_2725_,8.7µm
_2921_,8.7µm
_2924_,8.7µm
_3514_,8.7µm
_3876_,8.7µm
net991,8.7µm
net1007,8.7µm
_0515_,8.685µm
_1935_,8.68µm
_2330_,8.68µm
_2833_,8.68µm
_0891_,8.66µm
_1174_,8.66µm
_1846_,8.66µm
_1987_,8.66µm
_3674_,8.66µm
_3838_,8.66µm
net994,8.66µm
_3760_,8.64µm
_0919_,8.62µm
_2363_,8.62µm
_3200_,8.62µm
_3975_,8.62µm
_0847_,8.6µm
_0948_,8.6µm
_2552_,8.6µm
_3816_,8.6µm
pe_accum\[1\]\[15\],8.6µm
_0998_,8.58µm
_1018_,8.58µm
_1361_,8.58µm
_1529_,8.58µm
_1763_,8.58µm
_1768_,8.58µm
_2501_,8.58µm
_3002_,8.58µm
_3521_,8.58µm
_3628_,8.58µm
_4289_,8.58µm
_4309_,8.58µm
_4319_,8.58µm
_0215_,8.565µm
_0790_,8.565µm
_1218_,8.56µm
_1362_,8.56µm
_1665_,8.56µm
_1790_,8.56µm
_1812_,8.56µm
_1946_,8.56µm
_2063_,8.56µm
_3541_,8.56µm
_3962_,8.56µm
net984,8.56µm
_0753_,8.54µm
_0970_,8.54µm
_1917_,8.54µm
_3858_,8.54µm
_1238_,8.52µm
_1888_,8.52µm
_3126_,8.52µm
_4139_,8.52µm
_4187_,8.52µm
_4417_,8.52µm
pe_accum\[2\]\[7\],8.52µm
_1749_,8.5µm
_1957_,8.5µm
_2432_,8.5µm
_4093_,8.5µm
result_data[45],8.5µm
result_data[47],8.5µm
result_data[97],8.5µm
result_data[98],8.5µm
result_data[63],8.49µm
_0604_,8.48µm
_0896_,8.48µm
_1016_,8.48µm
_1137_,8.48µm
_1519_,8.48µm
_2794_,8.48µm
_3540_,8.48µm
_3883_,8.48µm
_4076_,8.48µm
result_data[18],8.47µm
result_data[42],8.47µm
result_data[44],8.47µm
result_data[53],8.47µm
result_data[74],8.47µm
_1029_,8.46µm
_1368_,8.46µm
_2302_,8.46µm
_2452_,8.46µm
_2948_,8.46µm
_3576_,8.46µm
_0553_,8.44µm
_0888_,8.44µm
_1022_,8.44µm
_1285_,8.44µm
_1401_,8.44µm
_1880_,8.44µm
_2267_,8.44µm
_2445_,8.44µm
_2784_,8.44µm
_2846_,8.44µm
_2855_,8.44µm
_3609_,8.44µm
_3735_,8.44µm
_3997_,8.44µm
_4134_,8.44µm
_4334_,8.44µm
_4396_,8.44µm
net122,8.44µm
_2408_,8.42µm
_2618_,8.42µm
_1772_,8.4µm
_3014_,8.4µm
_3088_,8.4µm
_4257_,8.4µm
_0825_,8.38µm
_3399_,8.38µm
_3738_,8.38µm
weight_din[0],8.38µm
_0441_,8.36µm
_0887_,8.36µm
_1120_,8.36µm
_1271_,8.36µm
_1809_,8.36µm
_2717_,8.36µm
_3219_,8.36µm
_4395_,8.36µm
net969,8.36µm
_2534_,8.34µm
_2795_,8.34µm
_3960_,8.34µm
_0707_,8.32µm
_0799_,8.32µm
_1782_,8.32µm
_2739_,8.32µm
_2967_,8.32µm
_2970_,8.32µm
_3341_,8.32µm
_3650_,8.32µm
_4310_,8.32µm
net655,8.32µm
_0245_,8.305µm
_0318_,8.305µm
_0725_,8.3µm
_1667_,8.3µm
_1224_,8.28µm
_1748_,8.28µm
_2417_,8.28µm
_2669_,8.27µm
_0659_,8.26µm
_3008_,8.26µm
_3400_,8.26µm
_4117_,8.26µm
net705,8.26µm
_0917_,8.24µm
_1066_,8.24µm
_1873_,8.24µm
_2357_,8.24µm
_3282_,8.24µm
_3304_,8.24µm
_4132_,8.24µm
_3588_,8.225µm
_2525_,8.22µm
pe_array\[2\].u_pe.accum_reg\[24\],8.22µm
_0508_,8.2µm
_1674_,8.2µm
_1931_,8.2µm
_2003_,8.2µm
_3911_,8.2µm
_4286_,8.2µm
net898,8.2µm
_2093_,8.16µm
_2120_,8.16µm
net526,8.16µm
_2021_,8.14µm
_3218_,8.14µm
pe_accum\[1\]\[13\],8.14µm
net1011,8.14µm
_0509_,8.12µm
_0624_,8.12µm
_1061_,8.12µm
_1242_,8.12µm
_2279_,8.12µm
_2299_,8.12µm
_2710_,8.12µm
_2732_,8.12µm
_3029_,8.12µm
_3143_,8.12µm
_3491_,8.12µm
_3517_,8.12µm
_3684_,8.12µm
_4308_,8.12µm
net475,8.12µm
_1026_,8.1µm
_1157_,8.1µm
_1228_,8.1µm
_1455_,8.1µm
_2006_,8.1µm
_2871_,8.1µm
_3652_,8.1µm
_4373_,8.1µm
_4435_,8.1µm
pe_accum\[2\]\[10\],8.1µm
net1029,8.1µm
_1013_,8.08µm
_1909_,8.08µm
_3223_,8.08µm
pe_array\[2\].u_pe.accum_reg\[17\],8.08µm
_3255_,8.075µm
_0499_,8.06µm
_1983_,8.06µm
_3165_,8.06µm
_3549_,8.06µm
_2325_,8.04µm
_3171_,8.04µm
result_data[114],8.04µm
net81,8.04µm
_0305_,8.025µm
_0882_,8.02µm
_1513_,8.02µm
_2730_,8.02µm
_3228_,8.02µm
_3242_,8.02µm
_3546_,8.02µm
_3658_,8.02µm
_3786_,8.02µm
_3818_,8.02µm
_4104_,8.02µm
_4405_,8.02µm
_1484_,8µm
_1542_,8µm
_2091_,8µm
_2912_,8µm
_2935_,8µm
_1007_,7.98µm
_2580_,7.98µm
_3801_,7.98µm
_3906_,7.98µm
net30,7.98µm
_3539_,7.96µm
_4397_,7.96µm
_2789_,7.94µm
_3589_,7.94µm
_3691_,7.94µm
_1761_,7.92µm
_2278_,7.92µm
_2782_,7.92µm
_3259_,7.92µm
_1154_,7.9µm
_1252_,7.9µm
_1299_,7.9µm
_1530_,7.9µm
_2017_,7.9µm
_2399_,7.9µm
_2482_,7.9µm
_2584_,7.9µm
_2624_,7.9µm
_2906_,7.9µm
_3714_,7.9µm
_4019_,7.9µm
net687,7.9µm
net892,7.9µm
_0930_,7.88µm
_1065_,7.88µm
_1794_,7.88µm
_1926_,7.88µm
_2215_,7.88µm
_3829_,7.88µm
net768,7.88µm
_0325_,7.865µm
_0594_,7.86µm
_1260_,7.86µm
_1828_,7.86µm
_1898_,7.86µm
_1992_,7.86µm
_2027_,7.86µm
_2492_,7.86µm
_2691_,7.86µm
_3237_,7.86µm
_3267_,7.86µm
_3666_,7.86µm
_4041_,7.86µm
pe_array\[1\].u_pe.accum_reg\[13\],7.86µm
_0145_,7.845µm
_0409_,7.845µm
_0695_,7.82µm
net628,7.82µm
_0989_,7.8µm
_1364_,7.8µm
_3025_,7.8µm
_4147_,7.8µm
result_data[75],7.79µm
_0894_,7.78µm
_1318_,7.78µm
_1624_,7.78µm
_2145_,7.78µm
_2151_,7.78µm
_2577_,7.78µm
_2652_,7.78µm
_0702_,7.76µm
_1274_,7.76µm
_2838_,7.76µm
_3958_,7.76µm
pe_array\[0\].u_pe.accum_reg\[29\],7.76µm
_2446_,7.74µm
_2510_,7.74µm
_2579_,7.74µm
_2920_,7.74µm
_3337_,7.74µm
_3866_,7.74µm
_4408_,7.74µm
_1167_,7.72µm
result_data[82],7.71µm
_3169_,7.7µm
_4068_,7.69µm
_3323_,7.68µm
_3854_,7.68µm
_4116_,7.68µm
_4125_,7.68µm
_4169_,7.68µm
_0861_,7.66µm
_1759_,7.66µm
_1866_,7.66µm
_1970_,7.66µm
_2633_,7.66µm
_2639_,7.66µm
_2674_,7.66µm
_2770_,7.66µm
_2835_,7.66µm
_3719_,7.66µm
_3755_,7.66µm
_4012_,7.66µm
_4364_,7.66µm
pe_array\[2\].u_pe.accum_reg\[31\],7.66µm
_3299_,7.65µm
_1516_,7.645µm
_1323_,7.64µm
_1830_,7.64µm
_1962_,7.64µm
_2488_,7.64µm
_2641_,7.64µm
_2925_,7.64µm
_3481_,7.64µm
_0361_,7.625µm
_1283_,7.62µm
_2111_,7.62µm
_2549_,7.62µm
_0320_,7.605µm
_0618_,7.6µm
_1095_,7.6µm
_1862_,7.6µm
_2377_,7.6µm
_2530_,7.6µm
_3073_,7.6µm
_3842_,7.6µm
_4029_,7.6µm
_4335_,7.6µm
_0131_,7.58µm
_0470_,7.58µm
_2359_,7.58µm
_2842_,7.58µm
_3036_,7.58µm
_0055_,7.565µm
_0844_,7.56µm
_0959_,7.56µm
_1234_,7.56µm
_1892_,7.56µm
_2696_,7.56µm
_3453_,7.56µm
_0761_,7.54µm
_2689_,7.54µm
_3485_,7.54µm
_3543_,7.54µm
_3872_,7.54µm
net899,7.54µm
_0478_,7.52µm
_0537_,7.52µm
_0735_,7.52µm
_0916_,7.52µm
_1032_,7.52µm
_1380_,7.52µm
_1691_,7.52µm
_2186_,7.52µm
_2697_,7.52µm
_2859_,7.52µm
_2998_,7.52µm
_3795_,7.52µm
_4021_,7.52µm
net141,7.52µm
net606,7.52µm
_0472_,7.5µm
net601,7.5µm
_1190_,7.48µm
_1278_,7.48µm
_1780_,7.48µm
_3067_,7.48µm
_3847_,7.48µm
net34,7.48µm
net142,7.48µm
net150,7.48µm
_2673_,7.46µm
_3138_,7.46µm
_2994_,7.445µm
_1153_,7.44µm
_2133_,7.44µm
_2226_,7.44µm
_2280_,7.44µm
_2827_,7.44µm
_2907_,7.44µm
_2938_,7.44µm
_3676_,7.44µm
_2331_,7.42µm
_3033_,7.42µm
_3846_,7.42µm
_1852_,7.4µm
_4109_,7.4µm
_0216_,7.385µm
_4358_,7.38µm
_2724_,7.37µm
_4413_,7.36µm
result_data[112],7.35µm
_0489_,7.34µm
_3531_,7.34µm
_3995_,7.34µm
result_data[35],7.33µm
_3364_,7.325µm
_0465_,7.32µm
_0717_,7.32µm
_0857_,7.32µm
_0994_,7.32µm
_1102_,7.32µm
_1331_,7.32µm
_1403_,7.32µm
_1498_,7.32µm
_2553_,7.32µm
_2685_,7.32µm
_2832_,7.32µm
_3385_,7.32µm
_3583_,7.32µm
net540,7.32µm
_0605_,7.3µm
_0809_,7.3µm
_1376_,7.3µm
_1821_,7.3µm
_4371_,7.3µm
pe_array\[1\].u_pe.accum_reg\[2\],7.3µm
_0449_,7.28µm
_0854_,7.28µm
_2241_,7.28µm
_3005_,7.28µm
_3402_,7.28µm
_4268_,7.28µm
net934,7.28µm
_4344_,7.26µm
_0185_,7.245µm
_0459_,7.24µm
_1182_,7.24µm
_2958_,7.24µm
_4250_,7.24µm
pe_accum\[2\]\[16\],7.24µm
_0908_,7.22µm
_1005_,7.22µm
_2118_,7.22µm
_2788_,7.22µm
_2927_,7.22µm
_3582_,7.22µm
_3969_,7.22µm
pe_array\[1\].u_pe.accum_reg\[12\],7.22µm
net77,7.22µm
net132,7.22µm
_1345_,7.2µm
_1372_,7.2µm
_1640_,7.2µm
_2075_,7.2µm
_2332_,7.2µm
_3130_,7.2µm
_3462_,7.2µm
_4066_,7.2µm
_0997_,7.18µm
_1028_,7.18µm
_1321_,7.18µm
_1486_,7.18µm
_2012_,7.18µm
_2144_,7.18µm
_2171_,7.18µm
_2205_,7.18µm
_2223_,7.18µm
_2747_,7.18µm
_2909_,7.18µm
_3280_,7.18µm
_3736_,7.18µm
_3910_,7.18µm
net597,7.18µm
_1191_,7.16µm
_3211_,7.16µm
_0270_,7.145µm
_1904_,7.14µm
_1971_,7.14µm
_3290_,7.14µm
_1632_,7.125µm
_0900_,7.12µm
_2212_,7.12µm
_3335_,7.12µm
_3584_,7.12µm
_3787_,7.12µm
_3961_,7.12µm
_3989_,7.12µm
result_data[37],7.11µm
result_data[73],7.11µm
result_data[83],7.11µm
_3251_,7.105µm
_0911_,7.1µm
_0971_,7.1µm
_1024_,7.1µm
_1078_,7.1µm
_1341_,7.1µm
_1357_,7.1µm
_1358_,7.1µm
_1360_,7.1µm
_1559_,7.1µm
_1646_,7.1µm
_1954_,7.1µm
_2019_,7.1µm
_2283_,7.1µm
_2358_,7.1µm
_3052_,7.1µm
_4065_,7.1µm
_4295_,7.1µm
net140,7.1µm
net923,7.1µm
net988,7.1µm
_0691_,7.08µm
_1097_,7.08µm
_1164_,7.08µm
_1934_,7.08µm
_3456_,7.08µm
_3778_,7.08µm
_3864_,7.08µm
_4004_,7.08µm
_4244_,7.08µm
_0559_,7.06µm
_0755_,7.06µm
_0967_,7.06µm
_1047_,7.06µm
_1991_,7.06µm
_2022_,7.06µm
_2521_,7.06µm
_2536_,7.06µm
_2812_,7.06µm
_3160_,7.06µm
_3784_,7.06µm
_3837_,7.06µm
_3966_,7.06µm
_4141_,7.06µm
_4255_,7.06µm
_4290_,7.055µm
result_data[76],7.03µm
_1956_,7.02µm
_0675_,7.01µm
_0729_,7µm
_1043_,7µm
_1727_,7µm
_4283_,7µm
net939,6.995µm
_2653_,6.985µm
_1441_,6.98µm
_1686_,6.98µm
_1882_,6.98µm
_2036_,6.98µm
_2066_,6.98µm
_2218_,6.98µm
_2662_,6.98µm
_2844_,6.98µm
_3923_,6.98µm
_4042_,6.98µm
net594,6.98µm
net905,6.98µm
_1131_,6.96µm
_1348_,6.96µm
_1470_,6.96µm
_1912_,6.96µm
_2387_,6.96µm
_2535_,6.96µm
_2949_,6.96µm
_3220_,6.96µm
_0031_,6.945µm
_0236_,6.945µm
_0296_,6.945µm
_0742_,6.94µm
_1485_,6.94µm
_1841_,6.94µm
_2256_,6.94µm
_3718_,6.94µm
_4411_,6.94µm
_0220_,6.925µm
_3665_,6.91µm
result_data[17],6.91µm
result_data[81],6.89µm
_1144_,6.88µm
_0663_,6.86µm
_0763_,6.86µm
_1115_,6.86µm
_1383_,6.86µm
_2870_,6.86µm
_2968_,6.86µm
_3106_,6.86µm
_3261_,6.86µm
_3844_,6.86µm
_4328_,6.86µm
net502,6.86µm
net518,6.86µm
net692,6.86µm
_0204_,6.855µm
_0179_,6.845µm
_0979_,6.84µm
_1082_,6.84µm
_3569_,6.84µm
_4112_,6.84µm
_4406_,6.84µm
net742,6.84µm
net1013,6.84µm
clknet_leaf_35_clk,6.82µm
_1596_,6.8µm
pixel_in[0],6.79µm
_0796_,6.78µm
_0960_,6.78µm
_2512_,6.78µm
pe_accum\[3\]\[5\],6.78µm
net906,6.78µm
net1036,6.78µm
weight_din[5],6.77µm
_0828_,6.76µm
_1257_,6.76µm
_2188_,6.76µm
_3362_,6.76µm
_3506_,6.76µm
net1035,6.76µm
_0167_,6.745µm
_0810_,6.74µm
_1019_,6.74µm
_1795_,6.74µm
_2202_,6.74µm
_2344_,6.74µm
_2422_,6.74µm
_2765_,6.74µm
_3113_,6.74µm
_3270_,6.74µm
_3728_,6.74µm
_3873_,6.74µm
_4103_,6.74µm
pe_array\[1\].u_pe.accum_reg\[0\],6.74µm
net31,6.74µm
net962,6.74µm
_0817_,6.72µm
_1039_,6.72µm
_1322_,6.72µm
_1545_,6.72µm
_1672_,6.72µm
_1767_,6.72µm
_2001_,6.72µm
_2273_,6.72µm
_2783_,6.72µm
_2883_,6.72µm
_3314_,6.72µm
_3448_,6.72µm
_3463_,6.72µm
_3550_,6.72µm
_3664_,6.72µm
pe_array\[0\].u_pe.weight_in\[2\],6.72µm
net32,6.72µm
net88,6.72µm
net676,6.72µm
net913,6.72µm
_1936_,6.7µm
_2430_,6.7µm
_0061_,6.695µm
result_data[79],6.69µm
_0076_,6.685µm
_0094_,6.685µm
_0198_,6.685µm
_0367_,6.685µm
_0661_,6.66µm
_0984_,6.66µm
_1434_,6.66µm
_1588_,6.66µm
_2119_,6.66µm
_3522_,6.66µm
_3811_,6.66µm
pe_array\[0\].u_pe.accum_reg\[31\],6.66µm
_2126_,6.65µm
_3454_,6.65µm
_0252_,6.645µm
_0578_,6.64µm
_0934_,6.64µm
_1343_,6.64µm
_1396_,6.64µm
_1416_,6.64µm
_1560_,6.64µm
_1816_,6.64µm
_1864_,6.64µm
_1998_,6.64µm
_2836_,6.64µm
_2936_,6.64µm
_2950_,6.64µm
_3080_,6.64µm
_3125_,6.64µm
_3295_,6.64µm
_3358_,6.64µm
_3403_,6.64µm
_3604_,6.64µm
_3841_,6.64µm
_4017_,6.64µm
_4171_,6.64µm
_4180_,6.64µm
net48,6.64µm
_0824_,6.62µm
_1072_,6.62µm
_1309_,6.62µm
_2884_,6.62µm
_3028_,6.62µm
_3393_,6.62µm
_3587_,6.62µm
_3685_,6.62µm
_3740_,6.62µm
_3803_,6.62µm
_3809_,6.62µm
_1682_,6.605µm
_0512_,6.6µm
_0794_,6.6µm
_0909_,6.6µm
_1133_,6.6µm
_1307_,6.6µm
_1732_,6.6µm
_1733_,6.6µm
_1967_,6.6µm
_2108_,6.6µm
_2424_,6.6µm
_2620_,6.6µm
_3007_,6.6µm
_3136_,6.6µm
_3525_,6.6µm
_3870_,6.6µm
_4111_,6.6µm
_4190_,6.6µm
net58,6.6µm
net116,6.6µm
net144,6.6µm
net99,6.58µm
_0007_,6.565µm
_0222_,6.555µm
_0093_,6.54µm
_2052_,6.54µm
_3963_,6.54µm
_0731_,6.52µm
_0754_,6.52µm
_0905_,6.52µm
_2029_,6.52µm
_2083_,6.52µm
_2401_,6.52µm
_2888_,6.52µm
_3342_,6.52µm
_3459_,6.52µm
_4152_,6.52µm
_4282_,6.52µm
_4294_,6.52µm
_4401_,6.52µm
net925,6.52µm
_0158_,6.5µm
_0758_,6.5µm
_1363_,6.5µm
_1735_,6.5µm
_1851_,6.5µm
_2026_,6.5µm
_2235_,6.5µm
_2892_,6.5µm
_0010_,6.485µm
_0024_,6.485µm
_0230_,6.485µm
_0246_,6.485µm
_1333_,6.48µm
_1469_,6.48µm
_3056_,6.48µm
net640,6.48µm
net678,6.48µm
_3150_,6.47µm
_0291_,6.465µm
_1353_,6.44µm
weight_din[6],6.43µm
_0766_,6.42µm
_0831_,6.42µm
_3090_,6.42µm
_2745_,6.415µm
_2583_,6.405µm
_0006_,6.4µm
_1119_,6.4µm
_1143_,6.4µm
_1282_,6.4µm
_1603_,6.4µm
_2995_,6.4µm
_2996_,6.4µm
_3083_,6.4µm
_3101_,6.4µm
_3329_,6.4µm
_3371_,6.4µm
_3920_,6.4µm
_3951_,6.4µm
_4013_,6.4µm
_4086_,6.4µm
_4100_,6.4µm
_4210_,6.4µm
_4305_,6.4µm
net741,6.4µm
_1938_,6.38µm
_2692_,6.38µm
_2913_,6.38µm
_4355_,6.38µm
_2896_,6.375µm
_0358_,6.365µm
_0362_,6.365µm
_1235_,6.36µm
_1413_,6.36µm
_2242_,6.36µm
_2578_,6.36µm
_3068_,6.36µm
_3366_,6.36µm
_0001_,6.355µm
_2712_,6.34µm
_0217_,6.325µm
_0557_,6.32µm
_4135_,6.32µm
_4182_,6.32µm
_2217_,6.31µm
_2092_,6.3µm
_2978_,6.3µm
_3055_,6.3µm
_3190_,6.3µm
_4322_,6.3µm
pe_accum\[0\]\[3\],6.3µm
pe_array\[0\].u_pe.accum_reg\[26\],6.3µm
_0157_,6.285µm
_1054_,6.28µm
_1382_,6.28µm
_2301_,6.28µm
_2426_,6.28µm
_2581_,6.28µm
_2825_,6.28µm
_3061_,6.28µm
_4027_,6.28µm
_4279_,6.28µm
_4422_,6.28µm
_2537_,6.27µm
_0800_,6.26µm
_0863_,6.26µm
_1081_,6.26µm
_1870_,6.26µm
_2078_,6.26µm
_2588_,6.26µm
_2604_,6.26µm
_2748_,6.26µm
_3098_,6.26µm
_3610_,6.26µm
_3781_,6.26µm
_4050_,6.26µm
_4089_,6.26µm
_4336_,6.26µm
pe_accum\[2\]\[26\],6.26µm
pe_accum\[2\]\[2\],6.26µm
net599,6.26µm
result_data[34],6.23µm
_0243_,6.225µm
_0306_,6.225µm
_0417_,6.225µm
_2384_,6.21µm
_4154_,6.21µm
result_data[80],6.21µm
result_data[86],6.21µm
_1607_,6.205µm
_1658_,6.2µm
_1715_,6.2µm
_2042_,6.2µm
_2649_,6.2µm
_2982_,6.2µm
net690,6.2µm
_2497_,6.19µm
_0098_,6.185µm
_0544_,6.18µm
_0853_,6.18µm
_0975_,6.18µm
_1004_,6.18µm
_1046_,6.18µm
_1354_,6.18µm
_1562_,6.18µm
_1695_,6.18µm
_1699_,6.18µm
_1758_,6.18µm
_1856_,6.18µm
_1900_,6.18µm
_2308_,6.18µm
_2431_,6.18µm
_2658_,6.18µm
_2915_,6.18µm
_3741_,6.18µm
_3779_,6.18µm
_3917_,6.18µm
_4062_,6.18µm
_4368_,6.18µm
_4438_,6.18µm
pe_array\[1\].u_pe.accum_reg\[15\],6.18µm
net149,6.18µm
_0820_,6.16µm
_1145_,6.16µm
_1825_,6.16µm
_2272_,6.16µm
_2293_,6.16µm
_2300_,6.16µm
_3566_,6.16µm
_0962_,6.14µm
_1003_,6.14µm
_1177_,6.14µm
_1240_,6.14µm
_1524_,6.14µm
_1617_,6.14µm
_1919_,6.14µm
_2473_,6.14µm
_2702_,6.14µm
_3139_,6.14µm
_3632_,6.14µm
_3902_,6.14µm
_4311_,6.14µm
net119,6.14µm
net543,6.14µm
net1020,6.14µm
_3964_,6.13µm
_2957_,6.12µm
_3349_,6.12µm
result_data[15],6.09µm
net1032,6.085µm
_0973_,6.08µm
_1515_,6.08µm
_3559_,6.08µm
_4339_,6.08µm
_4404_,6.08µm
_0732_,6.06µm
_0922_,6.06µm
_1020_,6.06µm
_1041_,6.06µm
_1049_,6.06µm
_1292_,6.06µm
_1822_,6.06µm
_1924_,6.06µm
_1939_,6.06µm
_2213_,6.06µm
_2345_,6.06µm
_2603_,6.06µm
_2721_,6.06µm
_3084_,6.06µm
_3194_,6.06µm
_3680_,6.06µm
_4146_,6.06µm
net973,6.06µm
_0089_,6.04µm
_1845_,6.04µm
_2356_,6.04µm
_2753_,6.04µm
_3227_,6.04µm
_0259_,6.025µm
_0626_,6.02µm
_3476_,6.02µm
_3762_,6.02µm
net615,6.02µm
net897,6.02µm
net908,6.02µm
_3049_,6.01µm
_1760_,5.98µm
_0143_,5.965µm
_0192_,5.965µm
_0483_,5.96µm
_1725_,5.96µm
_2143_,5.96µm
_3087_,5.96µm
_3959_,5.96µm
_1669_,5.955µm
_3179_,5.955µm
_1430_,5.945µm
_1171_,5.94µm
_1471_,5.94µm
_2044_,5.94µm
_2176_,5.94µm
_2478_,5.94µm
_2813_,5.94µm
_3093_,5.94µm
_3294_,5.94µm
_3306_,5.94µm
_3835_,5.94µm
net982,5.94µm
_0247_,5.935µm
_2100_,5.9µm
_0005_,5.895µm
_0936_,5.86µm
_1175_,5.86µm
_1395_,5.86µm
_1480_,5.86µm
_2210_,5.86µm
_3071_,5.86µm
_3145_,5.86µm
_4233_,5.86µm
net952,5.86µm
_3021_,5.85µm
_0530_,5.84µm
_1165_,5.84µm
_1265_,5.84µm
_2032_,5.84µm
_2090_,5.84µm
_2134_,5.84µm
_2472_,5.84µm
_2655_,5.84µm
_2969_,5.84µm
_3004_,5.84µm
_3745_,5.84µm
_3947_,5.84µm
_4037_,5.84µm
pe_accum\[0\]\[26\],5.84µm
pe_accum\[0\]\[27\],5.84µm
pe_accum\[1\]\[22\],5.84µm
net524,5.84µm
_2129_,5.83µm
_0439_,5.82µm
_0762_,5.82µm
_0966_,5.82µm
_1566_,5.82µm
_1994_,5.82µm
_2152_,5.82µm
_2895_,5.82µm
_3340_,5.82µm
_3388_,5.82µm
_3991_,5.82µm
net943,5.82µm
_0133_,5.805µm
_0292_,5.805µm
_0743_,5.8µm
_0805_,5.8µm
_1025_,5.8µm
_1040_,5.8µm
_1073_,5.8µm
_1112_,5.8µm
_1195_,5.8µm
_1440_,5.8µm
_1636_,5.8µm
_2261_,5.8µm
_2364_,5.8µm
_2599_,5.8µm
_2822_,5.8µm
_3111_,5.8µm
_3124_,5.8µm
net918,5.79µm
_0360_,5.785µm
_0112_,5.765µm
_0138_,5.765µm
_0214_,5.765µm
_0277_,5.765µm
_0092_,5.76µm
_3249_,5.76µm
pixel_in[5],5.75µm
result_data[12],5.75µm
result_data[32],5.75µm
_0331_,5.74µm
_1051_,5.74µm
_1913_,5.74µm
_2047_,5.74µm
_2137_,5.74µm
_2307_,5.74µm
_3115_,5.74µm
_3722_,5.74µm
_0643_,5.72µm
_0650_,5.72µm
_0871_,5.72µm
_0942_,5.72µm
_0964_,5.72µm
_0990_,5.72µm
_0991_,5.72µm
_0995_,5.72µm
_1038_,5.72µm
_1055_,5.72µm
_1077_,5.72µm
_1267_,5.72µm
_1298_,5.72µm
_1409_,5.72µm
_1630_,5.72µm
_1724_,5.72µm
_1823_,5.72µm
_1948_,5.72µm
_2178_,5.72µm
_2200_,5.72µm
_2410_,5.72µm
_2491_,5.72µm
_2908_,5.72µm
_3129_,5.72µm
_3157_,5.72µm
_4212_,5.72µm
_4297_,5.72µm
pe_accum\[0\]\[10\],5.72µm
net39,5.72µm
net523,5.72µm
net920,5.715µm
_0149_,5.705µm
_0829_,5.7µm
_1001_,5.7µm
_0300_,5.695µm
_0747_,5.68µm
_1173_,5.68µm
_1188_,5.68µm
_1270_,5.68µm
_1980_,5.68µm
_1984_,5.68µm
_2173_,5.68µm
_2862_,5.68µm
_3370_,5.68µm
_3483_,5.68µm
_3497_,5.68µm
_3537_,5.68µm
_3667_,5.68µm
_3979_,5.68µm
_4158_,5.68µm
_4178_,5.68µm
pe_array\[0\].u_pe.weight_in\[3\],5.68µm
net27,5.68µm
net38,5.68µm
net51,5.68µm
net57,5.68µm
net67,5.68µm
net110,5.68µm
net146,5.68µm
weight_din[1],5.63µm
_2274_,5.62µm
_0607_,5.605µm
_0699_,5.6µm
_0878_,5.6µm
_1366_,5.6µm
_1489_,5.6µm
_1604_,5.6µm
_1999_,5.6µm
_2013_,5.6µm
_2457_,5.6µm
_2545_,5.6µm
_2707_,5.6µm
_2744_,5.6µm
_2979_,5.6µm
_3630_,5.6µm
_3639_,5.6µm
_3992_,5.6µm
_4028_,5.6µm
_4107_,5.6µm
_4133_,5.6µm
_4264_,5.6µm
_4380_,5.6µm
net645,5.6µm
net919,5.6µm
_0651_,5.58µm
_0823_,5.58µm
_1399_,5.58µm
_2675_,5.58µm
_2708_,5.58µm
_3346_,5.58µm
net825,5.58µm
_3163_,5.56µm
_4343_,5.56µm
_4392_,5.56µm
_4400_,5.56µm
net611,5.56µm
_0084_,5.555µm
result_data[110],5.53µm
result_data[111],5.53µm
_0777_,5.52µm
_2659_,5.52µm
net574,5.52µm
rst,5.51µm
_0172_,5.505µm
_0205_,5.505µm
_0257_,5.505µm
_0369_,5.505µm
_0420_,5.505µm
_2024_,5.5µm
_3409_,5.5µm
_0473_,5.48µm
_0849_,5.48µm
_0957_,5.48µm
_1132_,5.48µm
_1304_,5.48µm
_1736_,5.48µm
_1874_,5.48µm
_2568_,5.48µm
_2656_,5.48µm
_2803_,5.48µm
_3232_,5.48µm
_3268_,5.48µm
_3300_,5.48µm
_3708_,5.48µm
_3869_,5.48µm
_4097_,5.48µm
net571,5.48µm
_1737_,5.45µm
_3494_,5.445µm
_0232_,5.435µm
_0261_,5.435µm
_3545_,5.43µm
pixel_in[4],5.41µm
weight_din[4],5.41µm
_1426_,5.4µm
_3094_,5.4µm
_3149_,5.4µm
_3170_,5.4µm
_4035_,5.4µm
_4110_,5.4µm
_4418_,5.4µm
_0442_,5.38µm
_0867_,5.38µm
_1149_,5.38µm
_1457_,5.38µm
_1505_,5.38µm
_2039_,5.38µm
_2179_,5.38µm
_2942_,5.38µm
_3881_,5.38µm
_4038_,5.38µm
_4165_,5.38µm
_4432_,5.38µm
pe_accum\[2\]\[23\],5.38µm
pe_accum\[2\]\[28\],5.38µm
pe_accum\[2\]\[5\],5.38µm
pe_accum\[3\]\[15\],5.38µm
net53,5.38µm
net75,5.38µm
net531,5.38µm
net607,5.38µm
net867,5.38µm
_1886_,5.36µm
_2102_,5.36µm
_3057_,5.36µm
_4000_,5.36µm
_4048_,5.36µm
net521,5.36µm
net937,5.36µm
_0221_,5.345µm
_1000_,5.34µm
_1114_,5.34µm
_1215_,5.34µm
_1355_,5.34µm
_1583_,5.34µm
_2098_,5.34µm
_2839_,5.34µm
_2854_,5.34µm
_3247_,5.34µm
_4039_,5.34µm
_4131_,5.34µm
_4216_,5.34µm
_4249_,5.34µm
net78,5.34µm
_0223_,5.305µm
_0242_,5.305µm
_0382_,5.305µm
weight_din[2],5.29µm
_0506_,5.28µm
_0832_,5.28µm
_1229_,5.28µm
_1419_,5.28µm
_1708_,5.28µm
_1901_,5.28µm
_2214_,5.28µm
_2312_,5.28µm
_3018_,5.28µm
_3120_,5.28µm
_3167_,5.28µm
_3642_,5.28µm
_4439_,5.28µm
net536,5.28µm
_0263_,5.265µm
_0357_,5.265µm
_0548_,5.26µm
_0938_,5.26µm
_0992_,5.26µm
_1101_,5.26µm
_1351_,5.26µm
_1412_,5.26µm
_1436_,5.26µm
_1461_,5.26µm
_1543_,5.26µm
_1677_,5.26µm
_1700_,5.26µm
_2099_,5.26µm
_2318_,5.26µm
_2360_,5.26µm
_3144_,5.26µm
_3176_,5.26µm
_3410_,5.26µm
_3677_,5.26µm
_3712_,5.26µm
_3807_,5.26µm
_3826_,5.26µm
_3937_,5.26µm
_4082_,5.26µm
_4213_,5.26µm
_4284_,5.26µm
net89,5.26µm
net143,5.26µm
_0730_,5.25µm
_0014_,5.24µm
_0547_,5.24µm
_2266_,5.24µm
_3817_,5.24µm
_0958_,5.22µm
_1185_,5.22µm
_1287_,5.22µm
_1921_,5.22µm
_1996_,5.22µm
_2154_,5.22µm
_2409_,5.22µm
_2448_,5.22µm
_2737_,5.22µm
_3017_,5.22µm
_4203_,5.22µm
net68,5.22µm
net70,5.22µm
net103,5.22µm
net104,5.22µm
net121,5.22µm
net139,5.22µm
net148,5.22µm
net538,5.22µm
_0278_,5.18µm
_0346_,5.16µm
_1514_,5.16µm
_2053_,5.16µm
_2402_,5.16µm
_2831_,5.16µm
_2916_,5.16µm
_3832_,5.16µm
_4009_,5.16µm
_4145_,5.16µm
_0904_,5.14µm
_1058_,5.14µm
_1138_,5.14µm
_1561_,5.14µm
_1642_,5.14µm
_1910_,5.14µm
_2101_,5.14µm
_2304_,5.14µm
_2406_,5.14µm
_2411_,5.14µm
_2903_,5.14µm
_3392_,5.14µm
_3725_,5.14µm
_3798_,5.14µm
_4073_,5.14µm
_0424_,5.135µm
_0792_,5.12µm
_1158_,5.1µm
_1894_,5.1µm
_2400_,5.1µm
_3729_,5.1µm
net549,5.1µm
_0135_,5.095µm
_0188_,5.095µm
_0299_,5.085µm
_0933_,5.07µm
pixel_in[3],5.07µm
result_data[23],5.07µm
weight_wr,5.07µm
_2112_,5.06µm
_2640_,5.06µm
_3387_,5.06µm
net537,5.06µm
_3501_,5.05µm
_0117_,5.045µm
_0155_,5.045µm
_0176_,5.045µm
_0239_,5.045µm
_0999_,5.04µm
_1317_,5.04µm
_1729_,5.04µm
_3303_,5.04µm
pe_array\[0\].u_pe.weight_in\[0\],5.04µm
_1297_,5.02µm
_1633_,5.02µm
_2458_,5.02µm
_2802_,5.02µm
_3470_,5.02µm
_3511_,5.02µm
_3908_,5.02µm
_4025_,5.02µm
_4437_,5.02µm
net532,5.02µm
net646,5.02µm
net917,5.02µm
_3999_,5µm
_0322_,4.965µm
weight_din[3],4.95µm
weight_din[7],4.95µm
_0764_,4.94µm
_0912_,4.94µm
_1969_,4.94µm
_2034_,4.94µm
_3142_,4.94µm
_4222_,4.94µm
_4357_,4.94µm
net868,4.94µm
_2490_,4.925µm
_1365_,4.92µm
_2204_,4.92µm
_2781_,4.92µm
_3024_,4.92µm
_3100_,4.92µm
_3493_,4.92µm
_3616_,4.92µm
_3822_,4.92µm
_4064_,4.92µm
_4087_,4.92µm
_4389_,4.92µm
pe_accum\[0\]\[11\],4.92µm
pe_accum\[0\]\[24\],4.92µm
pe_accum\[1\]\[26\],4.92µm
pe_accum\[2\]\[21\],4.92µm
pe_array\[0\].u_pe.valid_out,4.92µm
_1067_,4.9µm
_1577_,4.9µm
_1925_,4.9µm
_2163_,4.9µm
_2334_,4.9µm
_3060_,4.9µm
_3513_,4.9µm
_1219_,4.88µm
_1296_,4.88µm
_1301_,4.88µm
_2353_,4.88µm
_3168_,4.88µm
_3293_,4.88µm
_3407_,4.88µm
_3879_,4.88µm
_4114_,4.88µm
_4156_,4.88µm
_4184_,4.88µm
_4186_,4.88µm
_4419_,4.88µm
pe_accum\[3\]\[27\],4.88µm
net36,4.88µm
net153,4.88µm
_0169_,4.845µm
_0293_,4.82µm
_0474_,4.82µm
_0680_,4.82µm
_2257_,4.82µm
_2815_,4.82µm
_2841_,4.82µm
_4254_,4.82µm
_0153_,4.805µm
_0160_,4.805µm
_0525_,4.8µm
_0791_,4.8µm
_0814_,4.8µm
_1548_,4.8µm
_1575_,4.8µm
_1893_,4.8µm
_1945_,4.8µm
_2051_,4.8µm
_2080_,4.8µm
_2237_,4.8µm
_2285_,4.8µm
_2506_,4.8µm
_2523_,4.8µm
_2686_,4.8µm
_2848_,4.8µm
_3003_,4.8µm
_3132_,4.8µm
_3196_,4.8µm
_3489_,4.8µm
_3496_,4.8µm
_3737_,4.8µm
_4101_,4.8µm
_4224_,4.8µm
_4293_,4.8µm
_4384_,4.8µm
pe_accum\[3\]\[30\],4.8µm
_1512_,4.78µm
_1771_,4.78µm
_3307_,4.78µm
_3775_,4.78µm
_1129_,4.76µm
_1189_,4.76µm
_1810_,4.76µm
_1817_,4.76µm
_2153_,4.76µm
_2766_,4.76µm
_2861_,4.76µm
_2886_,4.76µm
_2894_,4.76µm
_3140_,4.76µm
net44,4.76µm
net117,4.76µm
net120,4.76µm
net137,4.76µm
net544,4.76µm
_0759_,4.73µm
result_data[14],4.73µm
result_data[21],4.73µm
_0407_,4.725µm
_0412_,4.725µm
_0129_,4.72µm
_0374_,4.72µm
_0078_,4.705µm
_0111_,4.7µm
_0118_,4.7µm
_0837_,4.7µm
_1478_,4.7µm
_1766_,4.7µm
_2149_,4.7µm
_2271_,4.7µm
net552,4.7µm
net1024,4.7µm
_2777_,4.695µm
_1062_,4.68µm
_1332_,4.68µm
_1701_,4.68µm
_1770_,4.68µm
_1861_,4.68µm
_1883_,4.68µm
_2028_,4.68µm
_2248_,4.68µm
_2254_,4.68µm
_2428_,4.68µm
_2540_,4.68µm
_3044_,4.68µm
_3230_,4.68µm
_3451_,4.68µm
_3751_,4.68µm
_3815_,4.68µm
_4049_,4.68µm
_4074_,4.68µm
_4148_,4.68µm
_0189_,4.635µm
_0194_,4.635µm
_0244_,4.625µm
_0249_,4.625µm
_0314_,4.625µm
_0422_,4.625µm
_1887_,4.61µm
pixel_in[6],4.61µm
pixel_in[7],4.61µm
weight_addr[1],4.61µm
_2592_,4.6µm
_4166_,4.6µm
_0352_,4.585µm
_0877_,4.58µm
_1829_,4.58µm
_2072_,4.58µm
_0563_,4.565µm
_0773_,4.56µm
_1170_,4.56µm
_1404_,4.56µm
_1497_,4.56µm
_1520_,4.56µm
_2142_,4.56µm
_2288_,4.56µm
_2711_,4.56µm
_3199_,4.56µm
_3278_,4.56µm
_1937_,4.54µm
_3103_,4.54µm
_4163_,4.54µm
_2123_,4.535µm
_0060_,4.505µm
_4441_,4.485µm
_0511_,4.48µm
_0883_,4.48µm
_1390_,4.48µm
_4301_,4.48µm
pe_accum\[1\]\[24\],4.48µm
pe_accum\[1\]\[7\],4.48µm
pe_accum\[1\]\[8\],4.48µm
pe_accum\[1\]\[9\],4.48µm
_0913_,4.46µm
_1014_,4.46µm
_1111_,4.46µm
_1136_,4.46µm
_1193_,4.46µm
_1208_,4.46µm
_1464_,4.46µm
_1765_,4.46µm
_1902_,4.46µm
_1905_,4.46µm
_2008_,4.46µm
_2011_,4.46µm
_2046_,4.46µm
_2337_,4.46µm
_2390_,4.46µm
_2651_,4.46µm
_2785_,4.46µm
_3141_,4.46µm
_3189_,4.46µm
_3216_,4.46µm
_3262_,4.46µm
_4223_,4.46µm
_4292_,4.46µm
pe_accum\[0\]\[20\],4.46µm
pe_accum\[1\]\[31\],4.46µm
pe_accum\[2\]\[13\],4.46µm
pe_accum\[2\]\[31\],4.46µm
pe_accum\[3\]\[10\],4.46µm
pe_accum\[3\]\[22\],4.46µm
pe_accum\[3\]\[23\],4.46µm
_1703_,4.44µm
_1824_,4.44µm
_1966_,4.44µm
_2378_,4.44µm
_3469_,4.44µm
_3656_,4.44µm
_0071_,4.435µm
_0193_,4.435µm
_0126_,4.425µm
_0288_,4.425µm
_0950_,4.42µm
_2316_,4.42µm
_2486_,4.42µm
_3105_,4.42µm
_3301_,4.42µm
_4051_,4.42µm
_4070_,4.42µm
_4204_,4.42µm
net134,4.42µm
result_data[11],4.39µm
result_data[20],4.39µm
result_data[22],4.39µm
result_data[33],4.39µm
result_data[36],4.39µm
_0045_,4.385µm
_0047_,4.385µm
_0201_,4.385µm
_0231_,4.385µm
_0380_,4.385µm
_0432_,4.385µm
_2380_,4.37µm
_2405_,4.37µm
_1098_,4.36µm
_1417_,4.36µm
_1494_,4.36µm
_1819_,4.36µm
_1929_,4.36µm
_1968_,4.36µm
_2311_,4.36µm
_2570_,4.36µm
_2873_,4.36µm
_2973_,4.36µm
_3804_,4.36µm
net610,4.36µm
net740,4.36µm
_0455_,4.34µm
_0458_,4.34µm
_0490_,4.34µm
_0795_,4.34µm
_2132_,4.34µm
_2139_,4.34µm
_2161_,4.34µm
_2221_,4.34µm
_2365_,4.34µm
_2752_,4.34µm
_3128_,4.34µm
_3159_,4.34µm
_3173_,4.34µm
_3221_,4.34µm
_3769_,4.34µm
_3956_,4.34µm
_4006_,4.34µm
_4174_,4.34µm
_4327_,4.34µm
_4329_,4.34µm
net24,4.34µm
net72,4.34µm
net519,4.34µm
net675,4.34µm
net747,4.34µm
_0083_,4.325µm
_0275_,4.325µm
_3806_,4.32µm
_0075_,4.265µm
_0128_,4.265µm
_4263_,4.24µm
_0848_,4.22µm
_1696_,4.22µm
_2082_,4.22µm
_2147_,4.22µm
_2644_,4.22µm
_3381_,4.22µm
_3598_,4.22µm
net534,4.22µm
_0411_,4.165µm
_0426_,4.165µm
_0431_,4.165µm
_0337_,4.14µm
_4023_,4.14µm
_4078_,4.14µm
_3852_,4.13µm
_0154_,4.125µm
_0203_,4.125µm
_2977_,4.12µm
_3089_,4.12µm
_3119_,4.12µm
_0697_,4.1µm
_0711_,4.1µm
_2728_,4.1µm
_3118_,4.1µm
_3344_,4.1µm
_3597_,4.1µm
_4412_,4.1µm
_0064_,4.065µm
_0187_,4.045µm
_0378_,4.045µm
_0338_,4.025µm
_0290_,4.02µm
_0579_,4.02µm
_1740_,4.02µm
_2095_,4.02µm
_2138_,4.02µm
_2347_,4.02µm
_3797_,4.02µm
_3936_,4.02µm
_4060_,4.02µm
_0778_,4µm
_0860_,4µm
_0879_,4µm
_1379_,4µm
_1965_,4µm
_2373_,4µm
_2758_,4µm
_2945_,4µm
_2980_,4µm
_3085_,4µm
_3191_,4µm
_3429_,4µm
_3792_,4µm
_4129_,4µm
_4424_,4µm
pe_accum\[0\]\[29\],4µm
pe_accum\[0\]\[2\],4µm
pe_accum\[1\]\[11\],4µm
pe_accum\[1\]\[20\],4µm
pe_accum\[1\]\[21\],4µm
pe_accum\[3\]\[14\],4µm
pe_accum\[3\]\[19\],4µm
pe_accum\[3\]\[24\],4µm
pe_accum\[3\]\[9\],4µm
net83,4µm
_1181_,3.98µm
_3054_,3.98µm
_3783_,3.98µm
_0311_,3.975µm
_0282_,3.965µm
result_data[13],3.93µm
_0020_,3.925µm
_0051_,3.925µm
_0079_,3.925µm
_0115_,3.925µm
_0225_,3.925µm
_0229_,3.925µm
_0264_,3.925µm
_0302_,3.925µm
_0403_,3.925µm
_0410_,3.925µm
_0418_,3.925µm
_0421_,3.925µm
_0130_,3.92µm
_1868_,3.91µm
_0468_,3.9µm
_1865_,3.9µm
_2000_,3.9µm
_2441_,3.9µm
_3146_,3.9µm
_1148_,3.88µm
_1222_,3.88µm
_1281_,3.88µm
_1386_,3.88µm
_2775_,3.88µm
_3234_,3.88µm
_3452_,3.88µm
_3843_,3.88µm
_4168_,3.88µm
_4205_,3.88µm
_4218_,3.88µm
_4271_,3.88µm
_4394_,3.88µm
_4399_,3.88µm
net28,3.88µm
net29,3.88µm
net45,3.88µm
net114,3.88µm
net115,3.88µm
net130,3.88µm
net133,3.88µm
net136,3.88µm
net522,3.88µm
net659,3.88µm
net1026,3.88µm
_0334_,3.865µm
_1256_,3.86µm
_1474_,3.855µm
_0140_,3.805µm
_0477_,3.79µm
_0106_,3.78µm
_0353_,3.78µm
_0756_,3.78µm
_1859_,3.78µm
_3640_,3.78µm
_3861_,3.78µm
_4201_,3.78µm
_1140_,3.76µm
_1491_,3.76µm
_2374_,3.76µm
_2716_,3.76µm
_2811_,3.76µm
net572,3.76µm
_0021_,3.705µm
_0262_,3.705µm
_0312_,3.705µm
_0340_,3.705µm
_0392_,3.705µm
_0395_,3.705µm
_0398_,3.705µm
_0240_,3.685µm
_0698_,3.68µm
_2023_,3.68µm
_3495_,3.68µm
_3542_,3.68µm
net826,3.68µm
net583,3.66µm
_0448_,3.64µm
_0560_,3.64µm
_0906_,3.64µm
_1088_,3.64µm
_1315_,3.64µm
_1837_,3.64µm
_2289_,3.64µm
_2349_,3.64µm
_2981_,3.64µm
_3629_,3.64µm
_4269_,3.64µm
_3225_,3.595µm
_0677_,3.56µm
_0728_,3.56µm
_1216_,3.56µm
_1544_,3.56µm
_2801_,3.56µm
_3192_,3.56µm
_4220_,3.56µm
pe_accum\[0\]\[16\],3.56µm
pe_accum\[0\]\[17\],3.56µm
pe_accum\[0\]\[19\],3.56µm
pe_accum\[0\]\[25\],3.56µm
pe_accum\[0\]\[30\],3.56µm
pe_accum\[1\]\[29\],3.56µm
pe_accum\[2\]\[20\],3.56µm
pe_accum\[3\]\[0\],3.56µm
pe_accum\[3\]\[13\],3.56µm
pe_accum\[3\]\[18\],3.56µm
pe_accum\[3\]\[28\],3.56µm
pe_accum\[3\]\[2\],3.56µm
pe_accum\[3\]\[3\],3.56µm
pe_accum\[3\]\[6\],3.56µm
net557,3.56µm
_0529_,3.54µm
_0718_,3.54µm
_0785_,3.54µm
_1002_,3.54µm
_1017_,3.54µm
_1312_,3.54µm
_1371_,3.54µm
_1490_,3.54µm
_1659_,3.54µm
_1897_,3.54µm
_1959_,3.54µm
_2048_,3.54µm
_2076_,3.54µm
_3148_,3.54µm
_4208_,3.54µm
_4375_,3.54µm
pe_accum\[0\]\[14\],3.54µm
pe_accum\[0\]\[15\],3.54µm
pe_accum\[0\]\[4\],3.54µm
pe_accum\[1\]\[10\],3.54µm
pe_accum\[1\]\[17\],3.54µm
pe_accum\[1\]\[18\],3.54µm
pe_accum\[1\]\[19\],3.54µm
pe_accum\[2\]\[11\],3.54µm
pe_accum\[2\]\[17\],3.54µm
pe_accum\[2\]\[19\],3.54µm
pe_accum\[3\]\[21\],3.54µm
pe_accum\[3\]\[8\],3.54µm
net109,3.54µm
net545,3.54µm
net704,3.54µm
_0159_,3.525µm
_0168_,3.525µm
_0333_,3.525µm
_0368_,3.525µm
_0471_,3.52µm
_0937_,3.52µm
_3208_,3.52µm
_0062_,3.515µm
_0025_,3.505µm
_0271_,3.505µm
_0347_,3.505µm
_2158_,3.49µm
_0012_,3.465µm
_0030_,3.465µm
_0049_,3.465µm
_0054_,3.465µm
_0074_,3.465µm
_0226_,3.465µm
_0256_,3.465µm
_0308_,3.465µm
_0328_,3.465µm
_0356_,3.465µm
_0376_,3.465µm
_0377_,3.465µm
_0404_,3.465µm
_1198_,3.44µm
_1248_,3.44µm
_2045_,3.44µm
_3197_,3.44µm
_4072_,3.44µm
net94,3.44µm
net585,3.44µm
_1213_,3.42µm
_1245_,3.42µm
_1391_,3.42µm
_1427_,3.42µm
_2005_,3.42µm
_2110_,3.42µm
_2609_,3.42µm
_3077_,3.42µm
_3097_,3.42µm
_3188_,3.42µm
_3203_,3.42µm
_3214_,3.42µm
_3439_,3.42µm
_3836_,3.42µm
_3885_,3.42µm
_4153_,3.42µm
_4221_,3.42µm
_4274_,3.42µm
net22,3.42µm
net23,3.42µm
net46,3.42µm
net66,3.42µm
net105,3.42µm
net123,3.42µm
net147,3.42µm
net598,3.42µm
_3330_,3.415µm
_0274_,3.405µm
_0276_,3.405µm
_0281_,3.405µm
_0284_,3.405µm
_3031_,3.4µm
_4091_,3.4µm
_0082_,3.345µm
_0107_,3.345µm
_0283_,3.345µm
_0298_,3.345µm
_0301_,3.345µm
_0341_,3.345µm
_0027_,3.32µm
_0044_,3.32µm
_0048_,3.32µm
_0260_,3.32µm
_0385_,3.32µm
_3236_,3.32µm
_0986_,3.3µm
_1628_,3.3µm
_1834_,3.3µm
_2067_,3.3µm
_2157_,3.3µm
_2867_,3.3µm
net520,3.3µm
net579,3.3µm
net582,3.3µm
_0046_,3.245µm
_0251_,3.245µm
_0253_,3.245µm
_0425_,3.245µm
_0428_,3.245µm
_1050_,3.22µm
_1135_,3.22µm
_4346_,3.22µm
net631,3.22µm
_2170_,3.2µm
net658,3.2µm
_2715_,3.18µm
_0175_,3.175µm
_0400_,3.175µm
_3904_,3.16µm
_0002_,3.145µm
_1012_,3.1µm
_1100_,3.1µm
_1121_,3.1µm
_1186_,3.1µm
_1316_,3.1µm
_2141_,3.1µm
_2324_,3.1µm
_2480_,3.1µm
_2760_,3.1µm
_3275_,3.1µm
_3333_,3.1µm
_3446_,3.1µm
_4085_,3.1µm
_4099_,3.1µm
_4209_,3.1µm
net643,3.1µm
net652,3.1µm
net730,3.1µm
_0681_,3.08µm
_1152_,3.08µm
_1595_,3.08µm
_1745_,3.08µm
_1806_,3.08µm
_2246_,3.08µm
_2865_,3.08µm
_3074_,3.08µm
_3109_,3.08µm
_3147_,3.08µm
_3172_,3.08µm
_3244_,3.08µm
_3264_,3.08µm
_3357_,3.08µm
_3421_,3.08µm
_3623_,3.08µm
pe_accum\[0\]\[21\],3.08µm
pe_accum\[1\]\[12\],3.08µm
pe_accum\[1\]\[28\],3.08µm
pe_accum\[2\]\[14\],3.08µm
pe_accum\[2\]\[9\],3.08µm
pe_accum\[3\]\[11\],3.08µm
pe_accum\[3\]\[26\],3.08µm
pe_accum\[3\]\[7\],3.08µm
net37,3.08µm
net834,3.08µm
net1028,3.08µm
_0065_,3.075µm
_0053_,3.045µm
_0103_,3.045µm
_0119_,3.045µm
_0287_,3.045µm
_0317_,3.045µm
_0327_,3.045µm
_0017_,3.005µm
_0141_,3.005µm
_0178_,3.005µm
_0227_,3.005µm
_0255_,3.005µm
_0309_,3.005µm
_0364_,3.005µm
_0381_,3.005µm
_0391_,3.005µm
_0427_,3.005µm
_0348_,3µm
_0370_,3µm
_0063_,2.98µm
_1187_,2.98µm
_1509_,2.98µm
_2369_,2.98µm
_2394_,2.98µm
_2991_,2.98µm
net609,2.98µm
_0558_,2.96µm
_0628_,2.96µm
_0703_,2.96µm
_1217_,2.96µm
_1223_,2.96µm
_1262_,2.96µm
_1647_,2.96µm
_2107_,2.96µm
_2251_,2.96µm
_2533_,2.96µm
_2628_,2.96µm
_2876_,2.96µm
_2890_,2.96µm
_2972_,2.96µm
_3015_,2.96µm
_3019_,2.96µm
_3065_,2.96µm
_3201_,2.96µm
_3401_,2.96µm
_3455_,2.96µm
_3498_,2.96µm
_3945_,2.96µm
_4044_,2.96µm
_4105_,2.96µm
_4402_,2.96µm
pe_array\[2\].u_pe.weight_in\[3\],2.96µm
pe_array\[3\].u_pe.accum_reg\[1\],2.96µm
net43,2.96µm
net61,2.96µm
net74,2.96µm
net91,2.96µm
net131,2.96µm
net548,2.96µm
net869,2.96µm
_0345_,2.885µm
_0072_,2.86µm
_0080_,2.86µm
_0104_,2.86µm
_0110_,2.86µm
_0136_,2.86µm
_0183_,2.86µm
_0208_,2.86µm
_0268_,2.86µm
_0355_,2.86µm
_0429_,2.86µm
_3152_,2.86µm
_4188_,2.86µm
_4207_,2.86µm
_1429_,2.84µm
_2328_,2.84µm
net546,2.84µm
_0029_,2.785µm
_0067_,2.785µm
_0127_,2.785µm
_0196_,2.785µm
_0389_,2.785µm
_0413_,2.785µm
_1300_,2.76µm
_1787_,2.76µm
_4126_,2.76µm
_4179_,2.76µm
_4365_,2.76µm
_0932_,2.74µm
_1071_,2.74µm
_3051_,2.74µm
_4138_,2.74µm
_4272_,2.74µm
_0775_,2.72µm
_0869_,2.72µm
_0170_,2.715µm
_0319_,2.715µm
_0384_,2.715µm
_0387_,2.715µm
net558,2.68µm
_1064_,2.64µm
_1225_,2.64µm
_1276_,2.64µm
_2447_,2.64µm
_2901_,2.64µm
_3059_,2.64µm
_3180_,2.64µm
_3193_,2.64µm
_3253_,2.64µm
_3272_,2.64µm
_3372_,2.64µm
_3376_,2.64µm
_4215_,2.64µm
pe_accum\[1\]\[27\],2.64µm
net1017,2.64µm
_1303_,2.62µm
_1373_,2.62µm
_2442_,2.62µm
_2571_,2.62µm
_2629_,2.62µm
_2989_,2.62µm
_3023_,2.62µm
_3046_,2.62µm
_3155_,2.62µm
_3162_,2.62µm
_3396_,2.62µm
_3662_,2.62µm
_3679_,2.62µm
_3698_,2.62µm
_3756_,2.62µm
_4261_,2.62µm
pe_accum\[0\]\[0\],2.62µm
pe_accum\[0\]\[28\],2.62µm
pe_accum\[1\]\[16\],2.62µm
pe_accum\[1\]\[30\],2.62µm
pe_accum\[1\]\[6\],2.62µm
pe_accum\[2\]\[0\],2.62µm
pe_accum\[2\]\[15\],2.62µm
pe_accum\[2\]\[22\],2.62µm
pe_accum\[2\]\[27\],2.62µm
pe_accum\[2\]\[29\],2.62µm
pe_accum\[2\]\[3\],2.62µm
pe_accum\[2\]\[6\],2.62µm
pe_accum\[3\]\[12\],2.62µm
pe_accum\[3\]\[20\],2.62µm
pe_accum\[3\]\[25\],2.62µm
net41,2.62µm
net530,2.62µm
net604,2.62µm
_0015_,2.605µm
_0028_,2.605µm
_0099_,2.605µm
_0105_,2.605µm
_0123_,2.605µm
_0250_,2.605µm
_0315_,2.605µm
_0350_,2.605µm
_0386_,2.605µm
_0066_,2.6µm
_0324_,2.595µm
_0077_,2.585µm
_0280_,2.585µm
_0365_,2.585µm
_0388_,2.585µm
_0633_,2.57µm
_0057_,2.545µm
_0059_,2.545µm
_0097_,2.545µm
_0237_,2.545µm
_0248_,2.545µm
_0265_,2.545µm
_0279_,2.545µm
_0335_,2.545µm
_0405_,2.545µm
_0416_,2.545µm
_0419_,2.545µm
_0008_,2.54µm
_0035_,2.54µm
_0254_,2.54µm
_0344_,2.54µm
_1027_,2.52µm
_2160_,2.52µm
_2911_,2.52µm
_2946_,2.52µm
_3229_,2.52µm
_4080_,2.52µm
net50,2.52µm
net547,2.52µm
_1052_,2.5µm
_1053_,2.5µm
_1090_,2.5µm
_1166_,2.5µm
_1172_,2.5µm
_1212_,2.5µm
_1247_,2.5µm
_1310_,2.5µm
_1551_,2.5µm
_1554_,2.5µm
_1587_,2.5µm
_1878_,2.5µm
_1881_,2.5µm
_1908_,2.5µm
_1975_,2.5µm
_2182_,2.5µm
_2187_,2.5µm
_2227_,2.5µm
_2754_,2.5µm
_2919_,2.5µm
_3122_,2.5µm
_3178_,2.5µm
_3355_,2.5µm
_3618_,2.5µm
_3627_,2.5µm
_3868_,2.5µm
_3940_,2.5µm
_3990_,2.5µm
_4214_,2.5µm
_4276_,2.5µm
_4300_,2.5µm
_4362_,2.5µm
net73,2.5µm
net90,2.5µm
net112,2.5µm
net517,2.5µm
_0101_,2.485µm
_0977_,2.38µm
_3973_,2.38µm
_0132_,2.375µm
_0273_,2.375µm
_0304_,2.375µm
_0342_,2.375µm
_0371_,2.375µm
_0009_,2.325µm
_0011_,2.325µm
_0016_,2.325µm
_0023_,2.325µm
_0032_,2.325µm
_0036_,2.325µm
_0052_,2.325µm
_0056_,2.325µm
_0139_,2.325µm
_0174_,2.325µm
_0294_,2.325µm
_0310_,2.325µm
_0313_,2.325µm
_0321_,2.325µm
_0323_,2.325µm
_0394_,2.325µm
_0402_,2.325µm
_0406_,2.325µm
_0414_,2.325µm
_0415_,2.325µm
_1384_,2.3µm
_1523_,2.3µm
_2077_,2.3µm
_2086_,2.3µm
_2625_,2.3µm
_2939_,2.3µm
_3252_,2.3µm
_0940_,2.28µm
_1387_,2.28µm
_1746_,2.28µm
_1933_,2.28µm
_2016_,2.28µm
_3040_,2.28µm
_3793_,2.28µm
_0200_,2.255µm
_1068_,2.255µm
_0983_,2.18µm
_1127_,2.18µm
_1156_,2.18µm
_1168_,2.18µm
_1179_,2.18µm
_1210_,2.18µm
_1211_,2.18µm
_1221_,2.18µm
_1643_,2.18µm
_1916_,2.18µm
_2192_,2.18µm
_2361_,2.18µm
_2611_,2.18µm
_2792_,2.18µm
_2931_,2.18µm
_3027_,2.18µm
_3069_,2.18µm
_3092_,2.18µm
_3202_,2.18µm
_3298_,2.18µm
_3378_,2.18µm
_4193_,2.18µm
_4196_,2.18µm
_4197_,2.18µm
_4206_,2.18µm
_4219_,2.18µm
_4387_,2.18µm
pe_accum\[3\]\[29\],2.18µm
_0600_,2.16µm
_0641_,2.16µm
_0833_,2.16µm
_0886_,2.16µm
_1142_,2.16µm
_1206_,2.16µm
_1340_,2.16µm
_1805_,2.16µm
_1979_,2.16µm
_2392_,2.16µm
_2456_,2.16µm
_2573_,2.16µm
_2954_,2.16µm
_3006_,2.16µm
_3195_,2.16µm
_3394_,2.16µm
_4016_,2.16µm
_4143_,2.16µm
_4192_,2.16µm
pe_accum\[0\]\[18\],2.16µm
pe_accum\[0\]\[5\],2.16µm
pe_accum\[1\]\[14\],2.16µm
pe_accum\[1\]\[3\],2.16µm
pe_accum\[2\]\[12\],2.16µm
pe_accum\[2\]\[18\],2.16µm
pe_accum\[2\]\[30\],2.16µm
pe_accum\[3\]\[16\],2.16µm
pe_accum\[3\]\[4\],2.16µm
net85,2.16µm
net554,2.16µm
_0013_,2.145µm
_0018_,2.145µm
_0019_,2.145µm
_0026_,2.145µm
_0037_,2.145µm
_0039_,2.145µm
_0040_,2.145µm
_0043_,2.145µm
_0109_,2.145µm
_0122_,2.145µm
_0148_,2.145µm
_0228_,2.145µm
_0234_,2.145µm
_0295_,2.145µm
_0307_,2.145µm
_0351_,2.145µm
_0373_,2.145µm
_0379_,2.145µm
_0383_,2.145µm
_0393_,2.145µm
_0396_,2.145µm
_0430_,2.145µm
_0218_,2.125µm
_0224_,2.125µm
_0285_,2.125µm
_0042_,2.085µm
_0050_,2.085µm
_0081_,2.085µm
_0266_,2.085µm
_0289_,2.085µm
_0297_,2.085µm
_0330_,2.085µm
_0366_,2.085µm
_0199_,2.08µm
_1930_,2.06µm
_3164_,2.06µm
_3360_,2.06µm
_3701_,2.06µm
_0812_,2.04µm
_0915_,2.04µm
_0993_,2.04µm
_1075_,2.04µm
_1086_,2.04µm
_1092_,2.04µm
_1275_,2.04µm
_1431_,2.04µm
_1507_,2.04µm
_1591_,2.04µm
_1743_,2.04µm
_1808_,2.04µm
_2146_,2.04µm
_2245_,2.04µm
_2613_,2.04µm
_3117_,2.04µm
_3161_,2.04µm
_3312_,2.04µm
_3321_,2.04µm
_3577_,2.04µm
_3788_,2.04µm
_3914_,2.04µm
_4026_,2.04µm
_4113_,2.04µm
_4315_,2.04µm
_4430_,2.04µm
net25,2.04µm
net26,2.04µm
net35,2.04µm
net42,2.04µm
net55,2.04µm
net56,2.04µm
net59,2.04µm
net62,2.04µm
net63,2.04µm
net64,2.04µm
net76,2.04µm
net79,2.04µm
net86,2.04µm
net98,2.04µm
net118,2.04µm
net128,2.04µm
net129,2.04µm
net138,2.04µm
net145,2.04µm
net605,2.04µm
net641,2.04µm
net691,2.04µm
_0209_,1.915µm
_0004_,1.865µm
_0034_,1.865µm
_0038_,1.865µm
_0041_,1.865µm
_0068_,1.865µm
_0102_,1.865µm
_0108_,1.865µm
_0113_,1.865µm
_0142_,1.865µm
_0152_,1.865µm
_0171_,1.865µm
_0219_,1.865µm
_0233_,1.865µm
_0235_,1.865µm
_0269_,1.865µm
_0286_,1.865µm
_0303_,1.865µm
_0375_,1.865µm
_0390_,1.865µm
_0397_,1.865µm
_0399_,1.865µm
_0433_,1.865µm
_0678_,1.84µm
_0821_,1.84µm
_0969_,1.84µm
_1375_,1.84µm
_1555_,1.84µm
_2255_,1.84µm
_2500_,1.84µm
_2637_,1.84µm
_2858_,1.84µm
net577,1.84µm
_1750_,1.82µm
_2115_,1.82µm
pe_array\[3\].u_pe.weight_in\[4\],1.82µm
_0980_,1.72µm
_1124_,1.72µm
_1244_,1.72µm
_1468_,1.72µm
_2190_,1.72µm
_2404_,1.72µm
_2961_,1.72µm
_3198_,1.72µm
_3888_,1.72µm
_4094_,1.72µm
_4120_,1.72µm
_4211_,1.72µm
pe_accum\[1\]\[23\],1.72µm
net529,1.72µm
net553,1.72µm
_0480_,1.7µm
_0500_,1.7µm
_1162_,1.7µm
_1209_,1.7µm
_1710_,1.7µm
_1747_,1.7µm
_1775_,1.7µm
_1981_,1.7µm
_2096_,1.7µm
_2232_,1.7µm
_2287_,1.7µm
_2346_,1.7µm
_2755_,1.7µm
_3174_,1.7µm
_3177_,1.7µm
_3205_,1.7µm
_3257_,1.7µm
_3871_,1.7µm
_3907_,1.7µm
_3977_,1.7µm
_4194_,1.7µm
_4195_,1.7µm
_4198_,1.7µm
_4318_,1.7µm
_4359_,1.7µm
_4426_,1.7µm
pe_accum\[0\]\[13\],1.7µm
pe_accum\[0\]\[1\],1.7µm
pe_accum\[0\]\[22\],1.7µm
pe_accum\[1\]\[2\],1.7µm
pe_accum\[2\]\[25\],1.7µm
pe_accum\[2\]\[4\],1.7µm
net65,1.7µm
net80,1.7µm
net527,1.7µm
net556,1.7µm
net613,1.7µm
net626,1.7µm
_0058_,1.685µm
_0073_,1.685µm
_0100_,1.685µm
_0125_,1.685µm
_0147_,1.685µm
_0163_,1.685µm
_0190_,1.685µm
_0332_,1.685µm
_0336_,1.685µm
_0343_,1.685µm
_0349_,1.685µm
_0354_,1.685µm
_1977_,1.6µm
_3579_,1.6µm
_4252_,1.6µm
_4353_,1.6µm
net49,1.6µm
net535,1.6µm
_0191_,1.575µm
_0069_,1.405µm
_0267_,1.405µm
_0326_,1.405µm
_0359_,1.405µm
_0372_,1.405µm
_0408_,1.405µm
_0862_,1.38µm
_1180_,1.38µm
_1778_,1.38µm
net891,1.38µm
net1031,1.38µm
_1080_,1.36µm
_0749_,1.26µm
_0924_,1.26µm
_1106_,1.26µm
_1709_,1.26µm
_2194_,1.26µm
_2850_,1.26µm
_3166_,1.26µm
_3281_,1.26µm
_3377_,1.26µm
_3731_,1.26µm
_4175_,1.26µm
pe_accum\[3\]\[17\],1.26µm
net555,1.26µm
_1291_,1.14µm
_1638_,1.14µm
_1951_,1.14µm
_2439_,1.14µm
_3210_,1.14µm
pe_accum\[1\]\[1\],1.14µm
net54,1.14µm
net60,1.14µm
net113,1.14µm
_1692_,1.02µm
_1183_,0.92µm
_1675_,0.92µm
_2031_,0.92µm
_2314_,0.92µm
_3530_,0.92µm
_3845_,0.92µm
_4231_,0.92µm
_4237_,0.92µm
net1018,0.92µm
net1027,0.92µm
_2049_,0.8µm
_2208_,0.8µm
_3238_,0.8µm
_3535_,0.8µm
_4123_,0.8µm
pe_accum\[0\]\[12\],0.8µm
pe_accum\[0\]\[23\],0.8µm
pe_accum\[0\]\[7\],0.8µm
pe_accum\[2\]\[1\],0.8µm
pe_accum\[3\]\[31\],0.8µm
_1314_,0.46µm
_1408_,0.46µm
_1885_,0.46µm
_2281_,0.46µm
_2382_,0.46µm
_3367_,0.46µm
_4181_,0.46µm
net581,0.46µm
net1022,0.46µm
net1030,0.46µm
